repository,total_events,active_contributors,bot_events,first_event,last_event,pr_events,issue_events,bot_ratio
unifyai/ivy,547741,234,380,2023-01-01 00:00:02,2023-01-31 23:51:33,851,4120,0.0006937585464663043
mhutchinson/mhutchinson-distributor,76591,5,45083,2023-01-01 00:01:57,2023-01-31 23:58:14,48369,2,0.5886200728545129
Risk-DAO/simulation-results,60866,5,0,2023-01-01 00:02:29,2023-01-31 23:57:50,0,0,0.0
NixOS/nixpkgs,25343,1421,890,2023-01-01 00:01:35,2023-01-31 23:53:45,9917,10482,0.035118178589748646
odoo/odoo,22656,471,0,2023-01-01 00:05:51,2023-01-31 23:35:05,3407,6216,0.0
pytorch/pytorch,21975,823,7629,2023-01-01 00:27:27,2023-01-31 23:58:22,2584,11094,0.34716723549488054
kubernetes/kubernetes,14974,648,8949,2023-01-01 00:11:56,2023-01-31 23:59:33,1010,13617,0.597635902230533
home-assistant/core,14938,2601,2522,2023-01-01 00:11:28,2023-01-31 23:29:37,2265,11348,0.16883116883116883
elastic/kibana,14513,404,177,2023-01-01 03:40:27,2023-01-31 23:54:20,2122,10992,0.012195962240749673
scalr-automation/terraform-scalr-flat-mirror4,14263,12,0,2023-01-01 04:09:56,2023-01-31 21:37:43,7381,0,0.0
demisto/content,13766,130,7788,2023-01-01 00:06:24,2023-01-31 22:39:34,1523,3662,0.5657416824059276
openshift/release,13659,385,8833,2023-01-01 00:01:17,2023-01-31 23:54:10,1540,11503,0.6466798447909803
Expensify/App,13444,213,2964,2023-01-01 03:38:34,2023-01-31 23:59:36,696,11633,0.22047009818506397
scalr-automation/terraform-scalr-flat,12705,12,0,2023-01-01 02:54:31,2023-01-31 17:52:59,6499,0,0.0
harness/harness-core,12465,175,4116,2023-01-01 05:53:49,2023-01-31 23:48:24,2338,5652,0.3302045728038508
microsoft/vscode,12368,1868,1775,2023-01-01 01:06:48,2023-01-31 23:53:06,1376,9845,0.14351552393272962
rust-lang/rust,12248,756,1017,2023-01-01 00:01:23,2023-01-31 23:56:58,1558,10481,0.08303396472893533
cockroachdb/cockroach,12082,179,3946,2023-01-01 02:24:41,2023-01-31 23:58:25,1411,8642,0.3266015560337692
scalr-automation/terraform-scalr-flat-mirror1,11730,12,0,2023-01-02 04:10:22,2023-01-31 21:06:09,6024,0,0.0
dotnet/runtime,10989,771,2496,2023-01-01 00:31:07,2023-01-31 23:55:46,1515,8655,0.22713622713622714
Homebrew/homebrew-core,10950,383,6625,2023-01-01 00:02:16,2023-01-31 23:06:40,4758,3976,0.6050228310502284
AdguardTeam/AdguardFilters,10931,160,3054,2023-01-01 00:02:05,2023-01-31 23:43:07,583,7799,0.27938889397127437
flutter/flutter,10613,1737,1980,2023-01-01 00:09:24,2023-01-31 23:56:12,1215,8589,0.18656364835579006
scalr-automation/terraform-scalr-flat-mirror2,10034,12,0,2023-01-03 06:33:23,2023-01-31 20:44:38,5112,0,0.0
godotengine/godot,9987,1065,8,2023-01-01 00:03:49,2023-01-31 23:58:10,1603,8155,0.0008010413537598879
grafana/grafana,9871,669,1098,2023-01-01 00:51:44,2023-01-31 23:58:20,2204,3769,0.11123493060480194
airbytehq/airbyte,9867,367,776,2023-01-01 09:47:36,2023-01-31 23:55:29,1390,4402,0.07864599168946995
pingcap/tidb,9048,146,6824,2023-01-02 07:39:46,2023-01-31 23:35:01,732,8007,0.7541998231653404
odoo/documentation,8886,53,0,2023-01-01 00:40:25,2023-01-31 23:35:07,258,469,0.0
WebKit/WebKit,8853,154,0,2023-01-01 00:09:55,2023-01-31 23:57:08,2464,5105,0.0
wjz304/Redpill_CustomBuild,8781,725,5260,2023-01-01 00:13:44,2023-01-31 23:04:26,0,8742,0.5990206126864822
leanprover-community/mathlib4,8740,73,3662,2023-01-01 00:07:16,2023-01-31 23:01:35,1246,1824,0.41899313501144164
suttacentral/bilara-data,8698,6,0,2023-01-01 02:00:32,2023-01-31 23:47:17,99,5,0.0
MicrosoftDocs/azure-docs,8633,1466,2151,2023-01-01 00:38:46,2023-01-31 23:54:25,1070,7122,0.2491601992354917
cloudquery/cloudquery,8562,36,6762,2023-01-01 00:18:19,2023-01-31 23:15:57,2227,1574,0.7897687456201822
EddieHubCommunity/LinkFree,8371,612,2599,2023-01-01 05:33:45,2023-01-31 23:00:32,2856,3853,0.3104766455620595
scalr-automation/terraform-scalr-flat-mirror5,8302,11,0,2023-01-02 02:49:18,2023-01-31 14:33:14,4239,0,0.0
scalr-automation/terraform-scalr-flat-mirror3,8290,11,0,2023-01-02 10:25:31,2023-01-31 22:19:00,4230,0,0.0
openshift/openshift-docs,8149,369,2364,2023-01-01 00:01:07,2023-01-31 22:14:54,2350,4757,0.2900969444103571
harness/harness-core-ui,8095,87,4309,2023-01-01 01:47:56,2023-01-31 23:50:04,1119,4914,0.5323038912909204
Automattic/wp-calypso,8038,357,1696,2023-01-01 02:11:03,2023-01-31 23:53:45,1323,4572,0.21099776063697437
JuliaRegistries/General,7549,99,5119,2023-01-01 00:18:35,2023-01-31 23:47:19,3590,2042,0.6781030600079481
openjdk/jdk,7461,230,4874,2023-01-01 05:02:18,2023-01-31 23:55:59,1017,5246,0.6532636375820936
department-of-veterans-affairs/va.gov-team,7360,280,416,2023-01-03 02:56:35,2023-01-31 23:52:16,55,5862,0.05652173913043478
sourcegraph/sourcegraph,7339,113,744,2023-01-01 00:42:14,2023-01-31 23:55:26,1405,2491,0.10137620929281918
appsmithorg/appsmith,7329,223,2487,2023-01-01 07:08:32,2023-01-31 23:54:00,587,4904,0.3393368808841588
brianchandotcom/liferay-portal,7201,125,0,2023-01-02 11:23:13,2023-01-31 23:48:25,3238,3097,0.0
odoo-dev/odoo,7146,238,0,2023-01-01 13:43:41,2023-01-31 23:43:13,425,255,0.0
llvm/llvm-project,7049,890,631,2023-01-01 00:06:08,2023-01-31 23:54:30,4,4111,0.08951624343878564
gravitational/teleport,6975,157,488,2023-01-02 00:21:14,2023-01-31 23:50:04,1728,1582,0.0699641577060932
WordPress/gutenberg,6615,375,1067,2023-01-01 00:03:00,2023-01-31 23:52:47,846,3922,0.16130007558578988
StarRocks/starrocks,6468,133,2170,2023-01-01 01:26:53,2023-01-31 23:25:26,1691,3985,0.3354978354978355
stackrox/stackrox,6432,57,3553,2023-01-02 01:20:08,2023-01-31 23:54:20,728,4123,0.5523942786069652
getsentry/sentry,6337,213,728,2023-01-01 00:04:40,2023-01-31 23:55:14,1925,1573,0.11488085845037084
starknet-io/starknet-website,6331,6,399,2023-01-03 10:53:24,2023-01-31 23:28:43,116,399,0.06302321908071394
liferay-core-infra/liferay-portal,6219,48,22,2023-01-01 00:49:57,2023-01-31 23:50:35,680,5459,0.0035375462292973146
AUTOMATIC1111/stable-diffusion-webui,6169,1295,8,2023-01-01 00:25:03,2023-01-31 23:54:56,455,5387,0.00129680661371373
Homebrew/homebrew-cask,6042,238,3681,2023-01-01 00:46:48,2023-01-31 22:53:06,3045,1516,0.6092353525322741
chiefmikey/chalet-le-jar,5977,5,186,2023-01-01 00:04:52,2023-01-31 23:59:07,92,92,0.031119290614020412
CitizenLabDotCo/citizenlab,5920,15,202,2023-01-01 04:03:04,2023-01-31 23:04:50,593,333,0.03412162162162162
apple/llvm-project,5614,49,0,2023-01-01 02:00:12,2023-01-31 23:59:36,560,392,0.0
MystenLabs/sui,5608,151,1544,2023-01-01 00:50:32,2023-01-31 23:59:10,1330,1651,0.275320970042796
golang/go,5587,564,2222,2023-01-01 01:09:31,2023-01-31 23:57:04,99,5245,0.39770896724539107
kubernetes/website,5540,306,2987,2023-01-01 02:25:39,2023-01-31 23:36:24,762,4470,0.5391696750902527
tgstation/tgstation,5441,288,876,2023-01-01 00:04:53,2023-01-31 23:56:51,947,2970,0.16099981621025547
truecharts/containers,5299,11,0,2023-01-01 00:13:11,2023-01-31 18:11:27,3290,18,0.0
gentoo/gentoo,5252,185,4110,2023-01-01 00:04:37,2023-01-31 23:53:25,844,2064,0.7825590251332826
ClickHouse/ClickHouse,5104,319,349,2023-01-01 01:58:14,2023-01-31 23:52:41,1319,2339,0.06837774294670847
quarkusio/quarkus,5062,336,1002,2023-01-01 00:40:06,2023-01-31 23:33:24,716,3985,0.1979454760964046
nextcloud/server,4973,611,216,2023-01-01 02:28:09,2023-01-31 22:49:22,638,3371,0.04343454655137744
dagster-io/dagster,4945,137,588,2023-01-01 02:01:05,2023-01-31 23:52:53,781,1409,0.11890798786653185
mouredev/retos-programacion-2023,4921,520,5,2023-01-01 00:01:50,2023-01-31 23:52:41,3158,301,0.001016053647632595
gitpod-io/gitpod,4873,109,680,2023-01-01 00:20:50,2023-01-31 23:24:58,785,2371,0.1395444284834804
leanprover-community/mathlib,4852,84,2274,2023-01-01 00:23:04,2023-01-31 23:06:26,580,1332,0.4686727122835944
aptos-labs/aptos-core,4779,89,2109,2023-01-01 02:06:38,2023-01-31 23:45:21,600,2581,0.44130571249215317
dotnet/maui,4680,582,1250,2023-01-01 00:16:48,2023-01-31 23:51:02,510,3318,0.2670940170940171
zephyrproject-rtos/zephyr,4652,429,281,2023-01-01 00:29:58,2023-01-31 23:54:01,1205,2944,0.06040412725709372
Charcoal-SE/SmokeDetector,4628,7,0,2023-01-01 00:00:08,2023-01-31 23:37:24,213,161,0.0
charliermarsh/ruff,4621,222,4,2023-01-01 02:21:43,2023-01-31 23:59:08,1026,2815,0.0008656135035706557
mozilla-mobile/fenix,4596,224,975,2023-01-01 19:48:35,2023-01-31 23:32:17,532,3633,0.21214099216710183
python/cpython,4594,474,484,2023-01-01 00:01:45,2023-01-31 23:24:41,983,3195,0.10535481062255116
microsoft/azure-pipelines-tasks,4555,301,3632,2023-01-01 00:24:33,2023-01-31 23:10:28,187,1051,0.7973655323819978
open-metadata/OpenMetadata,4483,89,2377,2023-01-02 05:59:20,2023-01-31 22:53:07,644,2950,0.5302252955610083
cms-sw/cmssw,4474,102,1,2023-01-01 22:43:02,2023-01-31 23:51:08,376,3497,0.00022351363433169424
LAION-AI/Open-Assistant,4350,202,140,2023-01-01 00:17:43,2023-01-31 23:40:32,870,2635,0.03218390804597701
liferay-echo/liferay-portal,4348,40,3,2023-01-02 06:59:05,2023-01-31 23:44:30,431,3888,0.0006899724011039559
conan-io/conan-center-index,4323,195,2430,2023-01-01 00:34:04,2023-01-31 23:59:57,1221,2734,0.5621096460791117
PaddlePaddle/Paddle,4321,313,2004,2023-01-01 03:05:11,2023-01-31 23:47:25,1232,2729,0.46378153205276557
open-telemetry/opentelemetry-collector-contrib,4302,207,2395,2023-01-01 05:17:15,2023-01-31 23:44:16,1448,2604,0.5567178056717805
backstage/backstage,4275,297,1665,2023-01-01 11:43:39,2023-01-31 23:46:00,840,2180,0.3894736842105263
kubevirt/kubevirt,4270,93,3295,2023-01-01 06:28:14,2023-01-31 23:59:03,200,3997,0.7716627634660421
cilium/cilium,4261,233,654,2023-01-01 02:06:15,2023-01-31 23:14:58,872,2639,0.1534850973949777
hmcts/cnp-flux-config,4228,107,143,2023-01-01 03:32:54,2023-01-31 23:05:56,1036,48,0.03382213812677389
calcom/cal.com,4211,155,646,2023-01-01 08:09:30,2023-01-31 23:21:30,538,2464,0.15340774162906673
webcompat/web-bugs,4204,191,1733,2023-01-01 00:36:40,2023-01-31 23:58:06,0,4204,0.41222645099904853
elastic/elasticsearch,4189,227,119,2023-01-01 05:41:43,2023-01-31 23:58:40,1180,2435,0.02840773454285032
MetaMask/eth-phishing-detect,4169,580,4,2023-01-01 14:24:56,2023-01-31 23:45:54,391,3543,0.000959462700887503
tensorflow/tensorflow,4160,441,2003,2023-01-01 02:26:24,2023-01-31 23:50:25,298,2527,0.4814903846153846
istio/istio,4150,225,314,2023-01-01 01:19:52,2023-01-31 23:26:50,624,3255,0.07566265060240963
thoth-station/prescriptions,4139,6,1091,2023-01-01 00:00:56,2023-01-30 14:41:10,2138,1999,0.26359023918820973
Azure/azure-rest-api-specs,4131,329,1972,2023-01-01 02:15:25,2023-01-31 23:57:58,656,2951,0.4773662551440329
apple/foundationdb,4111,50,0,2023-01-01 17:05:53,2023-01-31 23:59:49,359,3589,0.0
MicrosoftDocs/azure-docs-sdk-node,4100,10,9,2023-01-02 23:39:58,2023-01-31 23:54:26,14,11,0.0021951219512195124
hashicorp/nomad,4085,115,1538,2023-01-01 02:19:03,2023-01-31 23:32:02,568,1981,0.37649938800489596
vercel/next.js,4066,899,508,2023-01-01 00:03:59,2023-01-31 23:01:31,670,2876,0.1249385145105755
firstcontributions/first-contributions,4061,971,1603,2023-01-01 03:54:22,2023-01-31 23:59:13,2337,665,0.39473036197980793
code-423n4/code423n4.com,4058,59,744,2023-01-01 00:04:33,2023-01-31 23:34:32,1626,1143,0.18334154756037457
apache/doris,4052,166,1449,2023-01-01 03:02:35,2023-01-31 18:58:22,1184,2335,0.3576011846001974
apple/swift,4050,194,0,2023-01-01 01:50:54,2023-01-31 23:49:49,846,2339,0.0
Skyrat-SS13/Skyrat-tg,4025,108,2001,2023-01-01 00:07:22,2023-01-31 23:53:20,1062,777,0.49714285714285716
aws/aws-cdk,4010,433,1091,2023-01-01 00:10:12,2023-01-31 23:50:59,413,3247,0.27206982543640895
nuxt/nuxt.js,3948,1414,42,2023-01-01 04:15:01,2023-01-19 18:51:49,25,3900,0.010638297872340425
vercel/turbo,3947,200,1988,2023-01-01 14:26:08,2023-01-31 23:58:38,578,1638,0.5036736762097795
Automattic/jetpack,3944,167,692,2023-01-01 00:28:47,2023-01-31 23:16:26,754,1554,0.17545638945233266
truecharts/charts,3942,82,10,2023-01-01 00:29:36,2023-01-31 23:01:52,1520,386,0.0025367833587011668
microsoftgraph/microsoft-graph-docs,3929,247,2008,2023-01-01 15:01:11,2023-01-31 23:56:35,463,2450,0.5110715194706033
mattermost/mattermost-webapp,3896,77,1384,2023-01-01 01:04:12,2023-01-31 23:59:50,424,2727,0.35523613963039014
Azure/azure-docs-sdk-dotnet,3870,11,25,2023-01-02 09:27:21,2023-01-31 23:54:03,20,28,0.006459948320413436
dotnet/aspnetcore,3847,439,810,2023-01-01 07:06:05,2023-01-31 23:55:47,448,2853,0.21055367819079804
apache/arrow,3828,191,967,2023-01-01 00:31:22,2023-01-31 23:31:24,459,3168,0.25261233019853707
great-expectations/great_expectations,3823,86,1040,2023-01-01 03:00:59,2023-01-31 23:55:19,567,777,0.2720376667538582
MicrosoftDocs/azure-docs-sdk-python,3815,14,12,2023-01-01 09:50:32,2023-01-31 23:54:08,22,21,0.003145478374836173
brave/brave-core,3776,79,428,2023-01-01 02:30:01,2023-01-31 23:44:14,859,844,0.11334745762711865
idaholab/moose,3763,55,19,2023-01-01 00:38:15,2023-01-31 23:57:32,177,3446,0.005049162901939941
hashicorp/terraform-provider-aws,3756,593,1687,2023-01-01 02:19:22,2023-01-31 22:53:08,559,2567,0.44914802981895635
sap-tutorials/Tutorials,3733,60,0,2023-01-02 14:36:34,2023-01-31 15:43:37,69,3628,0.0
gradle/gradle,3725,233,1298,2023-01-01 02:01:51,2023-01-31 23:29:58,434,2170,0.3484563758389262
risingwavelabs/risingwave,3705,57,1028,2023-01-01 02:08:02,2023-01-31 23:37:56,544,1547,0.27746288798920377
microsoft/TypeScript,3646,543,971,2023-01-01 01:11:13,2023-01-31 23:59:27,290,3132,0.26631925397696105
ray-project/ray,3633,262,229,2023-01-01 05:12:17,2023-01-31 23:41:55,922,2282,0.06303330580787228
envoyproxy/envoy,3617,200,1005,2023-01-01 00:03:04,2023-01-31 23:38:51,766,2510,0.2778545756151507
ultralytics/ultralytics,3616,405,232,2023-01-10 09:01:44,2023-01-31 23:27:18,256,2530,0.06415929203539823
ministryofjustice/cloud-platform-environments,3580,99,693,2023-01-03 09:19:32,2023-01-31 23:40:15,1570,701,0.1935754189944134
mastodon/mastodon,3554,527,123,2023-01-01 00:21:44,2023-01-31 22:36:39,319,1486,0.03460889138998312
nodejs/node,3535,337,1292,2023-01-01 00:26:59,2023-01-31 23:44:04,497,2773,0.3654879773691655
LedgerHQ/ledger-live,3485,81,961,2023-01-02 08:40:56,2023-01-31 19:54:44,483,977,0.2757532281205165
MetaMask/metamask-extension,3474,153,963,2023-01-01 00:03:28,2023-01-31 23:50:17,400,1644,0.2772020725388601
opensearch-project/OpenSearch,3461,139,1424,2023-01-01 08:39:51,2023-01-31 23:11:11,556,2608,0.41144177983241836
Koenkk/zigbee2mqtt,3461,964,411,2023-01-01 00:02:10,2023-01-31 23:37:31,90,3302,0.11875180583646346
milvus-io/milvus,3453,85,1914,2023-01-01 03:14:02,2023-01-31 22:09:24,468,2778,0.5543006081668115
nrwl/nx,3453,548,869,2023-01-01 00:09:27,2023-01-31 23:58:45,728,2333,0.2516652186504489
wix/wix-code-docs,3452,26,0,2023-01-01 08:06:30,2023-01-31 16:37:39,340,13,0.0
openjournals/joss-reviews,3438,426,1325,2023-01-01 09:36:23,2023-01-31 22:38:31,0,3438,0.3853984874927283
uBlockOrigin/uAssets,3436,285,964,2023-01-01 00:51:54,2023-01-31 23:59:29,25,1683,0.28055878928987193
ibm-developer-skills-network/jbbmo-Introduction-to-Git-and-GitHub,3423,555,2245,2023-01-01 00:07:10,2023-01-31 22:51:45,2267,1156,0.6558574349985393
apache/beam,3410,159,1117,2023-01-01 12:44:35,2023-01-31 23:58:04,554,2137,0.3275659824046921
flutter/engine,3398,104,1495,2023-01-01 02:53:42,2023-01-31 23:58:25,1359,1398,0.4399646851088876
microsoft/vcpkg,3365,400,54,2023-01-01 00:35:22,2023-01-31 23:57:47,731,2337,0.016047548291233282
paritytech/substrate,3365,151,468,2023-01-01 01:33:04,2023-01-31 22:51:48,311,2004,0.13907875185735513
metabase/metabase,3365,137,533,2023-01-01 00:59:39,2023-01-31 23:51:40,604,1237,0.15839524517087666
elk-zone/elk,3334,270,1042,2023-01-12 09:49:43,2023-01-31 22:33:53,545,2301,0.3125374925014997
easylist/easylist,3312,84,2,2023-01-01 00:14:27,2023-01-31 23:54:49,362,425,0.0006038647342995169
ant-design/ant-design,3266,384,860,2023-01-01 02:33:25,2023-01-31 23:55:05,523,2236,0.2633190447030006
apache/spark,3264,150,65,2023-01-01 00:07:13,2023-01-31 23:31:02,994,1775,0.01991421568627451
OpenLiberty/open-liberty,3233,114,1464,2023-01-01 00:00:25,2023-01-31 22:44:35,413,2613,0.4528301886792453
pola-rs/polars,3225,227,294,2023-01-01 05:41:10,2023-01-31 23:46:37,610,1987,0.09116279069767441
filecoin-project/filecoin-plus-large-datasets,3221,187,1088,2023-01-01 01:04:14,2023-01-31 22:04:05,0,3220,0.33778329711269794
pandas-dev/pandas,3207,272,43,2023-01-01 00:06:07,2023-01-31 23:45:47,798,2068,0.0134081696289367
vectordotdev/vector,3206,118,1436,2023-01-01 13:17:31,2023-01-31 23:58:53,568,2030,0.4479101684341859
bevyengine/bevy,3198,175,1363,2023-01-01 00:13:15,2023-01-31 23:54:19,437,1878,0.4262038774233896
microsoft/onnxruntime,3198,252,495,2023-01-01 00:32:16,2023-01-31 23:51:49,518,1114,0.15478424015009382
PostHog/posthog,3196,74,483,2023-01-02 06:23:28,2023-01-31 23:58:28,751,704,0.1511264080100125
Azure/azure-sdk-for-net,3191,301,321,2023-01-01 03:11:55,2023-01-31 23:54:50,650,1864,0.10059542463177687
DataDog/datadog-agent,3186,159,458,2023-01-01 09:09:57,2023-01-31 23:52:45,762,393,0.14375392341494037
starkware-libs/cairo,3185,23,0,2023-01-01 06:14:33,2023-01-31 23:09:23,771,145,0.0
huggingface/transformers,3184,430,243,2023-01-01 00:26:31,2023-01-31 23:58:52,536,2154,0.07631909547738694
storybookjs/storybook,3177,411,37,2023-01-01 00:26:18,2023-01-31 23:50:22,415,2039,0.01164620711362921
cosmos/cosmos-sdk,3175,101,425,2023-01-01 14:56:41,2023-01-31 22:45:17,560,1162,0.13385826771653545
kamilkisiela/graphql-hive,3174,23,2236,2023-01-02 07:58:11,2023-01-31 22:16:36,472,946,0.704473850031506
blakeblackshear/frigate,3171,244,467,2023-01-01 00:11:13,2023-01-31 23:07:11,343,2628,0.14727215389467044
apache/airflow,3164,312,254,2023-01-01 00:14:13,2023-01-31 23:37:18,729,2034,0.08027812895069532
Kas-tle/java2bedrock.sh,3151,184,2072,2023-01-01 00:29:52,2023-01-31 23:28:19,0,3150,0.6575690257061251
containers/podman,3140,241,904,2023-01-01 00:07:34,2023-01-31 23:38:14,373,2593,0.2878980891719745
pt-liferay-solutions/liferay-portal,3115,53,0,2023-01-02 14:20:15,2023-01-31 22:48:50,341,2680,0.0
bitnami/charts,3100,298,1555,2023-01-01 01:30:53,2023-01-31 23:20:28,712,1203,0.5016129032258064
mdn/content,3077,341,548,2023-01-01 01:10:26,2023-01-31 21:32:24,1074,1498,0.17809554761130972
pingcap/docs,3075,44,2195,2023-01-03 02:29:44,2023-01-31 15:52:38,868,1758,0.7138211382113822
kubernetes-sigs/cluster-api,3072,94,1769,2023-01-01 09:43:41,2023-01-31 23:36:13,336,2567,0.5758463541666666
MicrosoftDocs/msteams-docs,3072,104,722,2023-01-01 08:01:13,2023-01-31 22:10:34,228,2031,0.23502604166666666
apache/hudi,3070,136,1767,2023-01-01 01:30:49,2023-01-31 23:25:27,342,2573,0.5755700325732899
liferay-objects/liferay-portal,3065,48,0,2023-01-03 04:20:18,2023-01-31 23:40:49,234,2750,0.0
cube-js/cube.js,3060,62,2227,2023-01-01 10:43:49,2023-01-31 22:16:45,270,209,0.7277777777777777
bioconda/bioconda-recipes,3051,201,1556,2023-01-01 03:11:50,2023-01-31 23:52:59,918,1437,0.5099967223861029
yogstation13/Yogstation,3031,112,337,2023-01-01 01:20:25,2023-01-31 23:59:48,761,1316,0.11118442758165623
sveltejs/kit,3028,349,378,2023-01-01 06:48:35,2023-01-31 23:54:12,477,1900,0.12483487450462351
microsoft/playwright,3019,544,30,2023-01-01 00:33:14,2023-01-31 23:59:16,485,2329,0.009937065253395164
spack/spack,3010,213,441,2023-01-01 00:17:11,2023-01-31 23:30:54,832,1755,0.14651162790697675
ROM-builders/temporary,2990,168,0,2023-01-01 00:55:04,2023-01-31 23:25:49,1956,18,0.0
Lightning-AI/lightning,2983,163,572,2023-01-02 01:15:03,2023-01-31 23:29:20,473,815,0.19175326852162253
project-chip/connectedhomeip,2959,161,1052,2023-01-02 00:15:32,2023-01-31 23:50:40,787,1781,0.3555255153768165
tencentyun/qcloud-documents,2918,71,0,2023-01-03 01:07:23,2023-01-31 11:59:26,504,5,0.0
web-platform-tests/wpt,2911,92,2024,2023-01-01 02:00:42,2023-01-31 23:57:01,1029,419,0.6952937135005153
commaai/openpilot,2901,89,1256,2023-01-01 00:06:03,2023-01-31 23:48:43,510,419,0.4329541537400896
daos-stack/daos,2896,43,206,2023-01-01 02:42:05,2023-01-31 23:45:55,437,1324,0.07113259668508287
nextcloud/vm,2894,11,0,2023-01-01 00:05:27,2023-01-31 23:40:31,10,38,0.0
macports/macports-ports,2891,111,134,2023-01-01 00:51:08,2023-01-31 23:59:48,761,771,0.04635074368730543
cargo-bins/cargo-quickinstall,2887,8,1,2023-01-01 00:13:14,2023-01-31 18:28:46,63,121,0.00034638032559750607
MPMG-DCC-UFMG/C01,2883,12,1,2023-01-02 03:07:40,2023-01-31 01:18:28,3,2876,0.000346860908775581
JuliaLang/julia,2868,229,28,2023-01-01 00:22:00,2023-01-31 23:41:34,473,1927,0.009762900976290097
DataDog/documentation,2865,148,948,2023-01-01 20:24:58,2023-01-31 23:52:15,751,361,0.3308900523560209
dotnet/sdk,2863,254,1146,2023-01-01 13:12:27,2023-01-31 23:56:20,853,943,0.4002794271742927
ajnart/homarr,2863,66,42,2023-01-01 14:50:18,2023-01-31 21:28:32,92,621,0.014669926650366748
mozilla/foundation.mozilla.org,2859,16,2019,2023-01-02 06:01:49,2023-01-31 23:47:51,220,552,0.7061909758656874
microsoft/PowerToys,2858,888,559,2023-01-01 00:08:53,2023-01-31 23:19:38,95,2518,0.19559132260321904
hashintel/hash,2857,23,953,2023-01-01 15:07:47,2023-01-31 20:45:56,434,826,0.3335666783339167
shortlink-org/shortlink,2848,8,1570,2023-01-03 15:36:43,2023-01-31 22:06:36,922,713,0.5512640449438202
dart-lang/sdk,2832,216,1251,2023-01-01 04:35:39,2023-01-31 23:59:55,59,1640,0.4417372881355932
phishfort/phishfort-lists,2810,92,0,2023-01-01 01:30:24,2023-01-31 23:57:40,50,248,0.0
fleetdm/fleet,2808,49,35,2023-01-02 00:48:55,2023-01-31 23:53:11,556,1492,0.012464387464387465
newrelic/docs-website,2800,133,867,2023-01-01 12:05:36,2023-01-31 23:51:29,897,1051,0.30964285714285716
alcionai/corso,2791,15,1682,2023-01-01 20:18:29,2023-01-31 23:59:01,417,1512,0.6026513794338947
openshift/console,2789,63,1932,2023-01-01 00:01:06,2023-01-31 23:59:09,188,2442,0.6927214055216924
Azure/azure-sdk-for-java,2777,181,464,2023-01-01 08:03:13,2023-01-31 23:52:09,777,1432,0.16708678429960389
microsoft/fluentui,2753,136,586,2023-01-01 10:00:03,2023-01-31 23:52:55,488,1990,0.21285869960043588
scylladb/scylladb,2752,77,13,2023-01-01 01:09:07,2023-01-31 22:11:03,323,2188,0.004723837209302325
facebook/react-native,2742,727,878,2023-01-01 01:11:47,2023-01-31 23:50:11,238,2312,0.3202042304886944
neovim/neovim,2731,300,53,2023-01-01 00:16:40,2023-01-31 23:49:05,595,1849,0.019406810692054192
kyma-project/kyma,2729,62,2043,2023-01-01 09:53:45,2023-01-31 20:30:35,285,2265,0.7486258702821547
xamarin/xamarin-macios,2728,107,497,2023-01-01 12:05:29,2023-01-31 23:41:30,422,1861,0.18218475073313783
azure-sdk/azure-sdk-for-net,2720,6,0,2023-01-01 02:30:30,2023-01-31 23:33:12,315,3,0.0
codinasion/program,2719,76,905,2023-01-01 01:45:31,2023-01-31 21:01:39,532,1878,0.3328429569694741
misskey-dev/misskey,2716,99,77,2023-01-01 00:35:17,2023-01-31 23:53:09,214,1427,0.028350515463917526
brave/brave-browser,2712,339,0,2023-01-01 05:40:07,2023-01-31 23:44:29,28,2513,0.0
status-im/status-desktop,2709,37,0,2023-01-02 08:18:45,2023-01-31 23:18:13,378,1498,0.0
CaretSoftware/ATimelyEscape,2704,13,0,2023-01-02 09:21:50,2023-01-16 19:13:02,830,0,0.0
status-im/status-mobile,2693,40,5,2023-01-01 11:00:21,2023-01-31 23:24:00,224,1464,0.001856665428889714
nocturnalmc/gp2,2693,6,1939,2023-01-01 01:49:44,2023-01-31 23:37:40,1627,37,0.7200148533234311
skidmaster69420/discord-tokens,2679,51,0,2023-01-02 16:33:39,2023-01-31 23:22:52,0,175,0.0
liferay-commerce/liferay-portal,2669,28,0,2023-01-02 11:02:21,2023-01-31 23:48:24,121,2473,0.0
cri-o/cri-o,2662,70,1937,2023-01-02 00:02:37,2023-01-31 21:52:49,159,2352,0.727648384673178
CDCgov/prime-reportstream,2660,48,1006,2023-01-02 05:26:18,2023-01-31 23:43:40,269,1279,0.37819548872180453
pass-culture/pass-culture-main,2653,31,634,2023-01-02 09:32:16,2023-01-31 18:07:49,650,240,0.23897474557105164
prisma/prisma,2653,608,286,2023-01-01 00:17:55,2023-01-31 23:48:00,384,1661,0.1078024877497173
PrestaShop/PrestaShop,2648,248,289,2023-01-01 08:38:13,2023-01-31 23:32:07,517,1899,0.10913897280966767
oppia/oppia,2632,171,703,2023-01-01 01:01:24,2023-01-31 21:18:20,288,2277,0.26709726443769
GoogleCloudPlatform/magic-modules,2632,90,8,2023-01-01 09:01:17,2023-01-31 23:49:26,258,1757,0.00303951367781155
root-project/root,2629,62,1523,2023-01-01 16:51:43,2023-01-31 22:17:46,340,2123,0.5793077215671358
Meeds-io/social,2627,17,366,2023-01-01 03:12:59,2023-01-31 23:02:07,353,379,0.13932242101256187
expo/expo,2621,557,514,2023-01-01 00:15:42,2023-01-31 23:59:21,417,1553,0.19610835558946968
redpanda-data/redpanda,2611,76,152,2023-01-01 19:33:00,2023-01-31 23:35:36,586,1750,0.05821524320183838
kcp-dev/kcp,2607,35,1829,2023-01-02 08:51:43,2023-01-31 23:49:32,232,2279,0.7015726889144611
tektoncd/pipeline,2605,65,1784,2023-01-01 14:10:55,2023-01-31 23:53:15,223,2295,0.6848368522072936
void-linux/void-packages,2601,220,133,2023-01-01 01:49:41,2023-01-31 23:40:56,1087,924,0.051134179161860825
space-wizards/space-station-14,2598,112,275,2023-01-01 00:10:07,2023-01-31 23:57:55,850,1215,0.10585065434949961
TaleStation/TaleStation,2597,9,1591,2023-01-01 01:42:39,2023-01-31 23:59:57,847,46,0.6126299576434348
huggingface/diffusers,2595,263,224,2023-01-01 01:13:24,2023-01-31 23:40:28,325,1858,0.08631984585741811
kodadot/nft-gallery,2586,32,793,2023-01-01 00:22:08,2023-01-31 21:11:47,217,2101,0.3066511987625677
kubernetes-sigs/cloud-provider-azure,2576,36,1886,2023-01-02 09:06:39,2023-01-31 22:50:53,461,1832,0.7321428571428571
kyverno/kyverno,2571,89,968,2023-01-01 00:54:44,2023-01-31 23:32:49,557,1194,0.3765071956437184
zulip/zulip,2567,162,865,2023-01-01 00:21:15,2023-01-31 23:57:39,359,2042,0.3369692247760031
edgelesssys/constellation,2561,20,706,2023-01-02 08:39:56,2023-01-31 22:00:47,520,411,0.2756735650136665
CleverRaven/Cataclysm-DDA,2560,190,660,2023-01-01 00:16:14,2023-01-31 23:36:31,527,1830,0.2578125
hashicorp/terraform-provider-azurerm,2559,391,569,2023-01-01 02:18:09,2023-01-31 23:30:09,473,1610,0.22235248143806174
apache/shardingsphere,2557,103,0,2023-01-01 02:06:52,2023-01-31 17:31:45,923,1187,0.0
binary-com/deriv-app,2553,42,1927,2023-01-01 08:09:25,2023-01-31 19:13:41,369,1980,0.7547982765374069
coder/coder,2549,85,259,2023-01-01 00:12:07,2023-01-31 22:50:09,539,990,0.10160847391133777
apache/cloudstack,2541,57,387,2023-01-01 00:14:41,2023-01-31 23:12:27,233,2206,0.15230224321133412
zero-to-mastery/start-here-guidelines,2533,374,1828,2023-01-01 00:06:04,2023-01-31 23:21:57,955,1226,0.7216739044611133
timburgan/timburgan,2531,172,1818,2023-01-01 04:36:46,2023-01-31 22:00:57,0,1673,0.718293164757013
kubermatic/kubermatic,2519,26,1808,2023-01-02 07:41:34,2023-01-31 19:00:23,241,2159,0.7177451369591108
pulumi/pulumi,2504,131,1159,2023-01-01 20:15:49,2023-01-31 23:29:38,296,1339,0.46285942492012777
LeetCode-Feedback/LeetCode-Feedback,2498,518,0,2023-01-01 01:06:20,2023-01-31 21:03:14,1,2497,0.0
termux/termux-packages,2495,134,324,2023-01-01 00:33:30,2023-01-31 23:48:31,763,910,0.12985971943887775
Azure/azure-sdk-for-python,2492,221,308,2023-01-01 02:29:32,2023-01-31 23:57:56,593,1305,0.12359550561797752
solana-labs/solana,2477,129,512,2023-01-01 06:21:20,2023-01-31 23:48:35,1057,990,0.2067016552280985
getsentry/sentry-javascript,2471,186,284,2023-01-01 00:25:42,2023-01-31 23:30:57,406,1403,0.11493322541481182
raycast/extensions,2470,393,723,2023-01-01 02:49:30,2023-01-31 21:13:29,393,1726,0.29271255060728746
JonathanGin52/JonathanGin52,2460,45,1739,2023-01-01 11:06:36,2023-01-31 19:44:38,0,1784,0.7069105691056911
DefinitelyTyped/DefinitelyTyped,2460,321,1552,2023-01-01 08:22:40,2023-01-31 22:04:56,552,1685,0.6308943089430894
HedvigInsurance/racoon,2448,9,1201,2023-01-02 04:33:43,2023-01-31 22:45:19,536,530,0.49060457516339867
chatwoot/chatwoot,2438,119,775,2023-01-01 00:50:51,2023-01-31 23:56:30,190,863,0.31788351107465135
verrazzano/verrazzano,2437,42,765,2023-01-02 11:37:00,2023-01-31 23:06:21,426,760,0.31391054575297495
kubernetes/test-infra,2435,154,1440,2023-01-01 10:39:00,2023-01-31 23:32:57,482,1728,0.5913757700205339
sircharlo/meeting-media-manager,2434,18,771,2023-01-01 12:01:58,2023-01-31 18:33:08,592,311,0.3167625308134758
toeverything/blocksuite,2432,34,454,2023-01-01 05:04:02,2023-01-31 20:46:11,655,958,0.18667763157894737
paradigmxyz/reth,2416,44,11,2023-01-01 02:18:35,2023-01-31 23:44:32,539,1024,0.004552980132450331
withastro/astro,2416,271,444,2023-01-01 06:52:28,2023-01-31 23:59:36,376,1260,0.1837748344370861
liferay-frontend/liferay-portal,2410,37,0,2023-01-02 10:18:55,2023-01-31 22:42:25,147,2184,0.0
mozilla-mobile/mozilla-vpn-client,2404,43,11,2023-01-01 16:03:36,2023-01-31 23:56:18,341,1316,0.004575707154742097
Kumar-laxmi/Algorithms,2402,126,225,2023-01-01 02:23:25,2023-01-31 17:54:43,397,1851,0.09367194004995837
PaddlePaddle/PaddleNLP,2397,134,1363,2023-01-01 00:18:23,2023-01-31 17:18:15,342,1887,0.5686274509803921
woocommerce/woocommerce,2394,292,247,2023-01-01 00:36:49,2023-01-31 23:59:44,435,1272,0.10317460317460317
electron/electron,2393,361,751,2023-01-01 12:22:33,2023-01-31 23:42:27,384,1571,0.313832010029252
winglang/wing,2391,37,644,2023-01-01 06:44:06,2023-01-31 23:32:18,307,1308,0.2693433709744877
apache/superset,2379,269,363,2023-01-01 22:00:33,2023-01-31 23:58:11,498,1515,0.15258511979823455
openwrt/openwrt,2370,356,338,2023-01-01 02:37:20,2023-01-31 21:31:54,356,1806,0.14261603375527426
renovatebot/renovate,2360,182,887,2023-01-01 00:24:26,2023-01-31 23:43:07,479,1205,0.37584745762711863
kubernetes-sigs/cluster-api-provider-azure,2358,54,1371,2023-01-01 17:22:12,2023-01-31 23:57:15,227,2020,0.5814249363867684
strapi/strapi,2357,289,256,2023-01-01 04:59:45,2023-01-31 23:59:25,377,1150,0.10861264319049639
vegaprotocol/frontend-monorepo,2347,36,927,2023-01-01 00:14:08,2023-01-31 19:47:01,276,1252,0.3949723050703025
hashicorp/vault,2343,176,12,2023-01-01 13:42:49,2023-01-31 23:37:22,567,531,0.005121638924455826
island-is/island.is,2343,51,826,2023-01-02 08:02:26,2023-01-31 22:25:22,556,111,0.3525394793000427
github/docs,2339,216,558,2023-01-01 05:49:24,2023-01-31 23:10:48,645,984,0.23856348867037194
mattermost/mattermost-server,2330,138,440,2023-01-01 01:03:08,2023-01-31 23:57:56,366,1496,0.1888412017167382
supabase/supabase,2328,286,550,2023-01-01 01:28:17,2023-01-31 23:37:45,501,1058,0.23625429553264604
deckhouse/deckhouse,2320,33,86,2023-01-01 12:54:39,2023-01-31 23:46:14,357,868,0.03706896551724138
msys2/MINGW-packages,2314,101,1,2023-01-01 00:08:32,2023-01-31 23:28:00,1005,793,0.000432152117545376
MaterializeInc/materialize,2303,53,115,2023-01-01 00:19:19,2023-01-31 23:29:55,712,1225,0.04993486756404689
grafana/loki,2301,250,591,2023-01-01 00:38:50,2023-01-31 23:44:23,530,1316,0.25684485006518903
RIOT-OS/RIOT,2298,39,1140,2023-01-01 16:38:34,2023-01-31 23:55:35,275,1479,0.4960835509138381
DataDog/dd-trace-dotnet,2279,29,246,2023-01-01 08:22:26,2023-01-31 23:58:49,219,1198,0.10794207985958754
musescore/MuseScore,2275,272,6,2023-01-01 00:46:18,2023-01-31 23:35:27,289,1864,0.0026373626373626374
cypress-io/cypress,2271,442,219,2023-01-01 08:09:44,2023-01-31 23:15:37,167,1535,0.0964332892998679
discourse/discourse,2268,51,245,2023-01-01 21:01:15,2023-01-31 23:34:01,849,286,0.10802469135802469
gardener/gardener,2258,54,1628,2023-01-01 13:41:26,2023-01-31 17:36:29,222,1910,0.7209920283436669
NVIDIA/NeMo,2256,111,1168,2023-01-01 02:05:19,2023-01-31 23:41:48,270,393,0.5177304964539007
systemd/systemd,2256,259,11,2023-01-01 01:40:43,2023-01-31 23:58:37,498,1515,0.004875886524822695
joomla/joomla-cms,2245,169,4,2023-01-01 10:12:44,2023-01-31 19:37:08,288,1832,0.0017817371937639199
TusharKesarwani/Front-End-Projects,2245,160,227,2023-01-01 07:11:19,2023-01-31 21:46:16,438,1702,0.10111358574610245
PrefectHQ/prefect,2244,148,371,2023-01-01 03:34:18,2023-01-31 23:40:58,400,1033,0.16532976827094475
mdn/translated-content,2227,166,549,2023-01-01 00:17:19,2023-01-31 20:39:08,885,802,0.24651998203861697
cultureamp/kaizen-design-system,2224,17,1720,2023-01-01 00:20:58,2023-01-31 23:56:01,132,121,0.7733812949640287
dotnet/roslyn,2215,190,296,2023-01-01 00:20:18,2023-01-31 23:52:10,522,1329,0.13363431151241534
Oneflow-Inc/oneflow,2211,51,1253,2023-01-01 01:43:05,2023-01-31 16:02:29,205,1015,0.566711895070104
conda-forge/staged-recipes,2208,254,660,2023-01-01 01:30:38,2023-01-31 23:18:24,516,1420,0.29891304347826086
jxxghp/nas-tools,2207,277,0,2023-01-01 00:29:05,2023-01-31 23:54:40,512,1123,0.0
cmss13-devs/cmss13,2191,86,1052,2023-01-01 00:31:14,2023-01-31 22:29:04,557,569,0.48014605203103605
TYPO3/typo3,2190,7,0,2023-01-03 12:09:20,2023-01-31 16:38:08,8,4,0.0
home-assistant/home-assistant.io,2189,413,374,2023-01-01 00:12:40,2023-01-31 23:21:25,676,1169,0.1708542713567839
ethereum-optimism/optimism,2186,55,874,2023-01-01 02:05:49,2023-01-31 22:34:51,422,953,0.39981701738334857
redwoodjs/redwood,2186,45,1202,2023-01-01 22:49:01,2023-01-31 23:43:54,474,424,0.5498627630375115
aws/eks-anywhere,2184,56,1493,2023-01-02 01:31:58,2023-01-31 23:56:13,444,1534,0.6836080586080586
easybuilders/easybuild-easyconfigs,2177,55,641,2023-01-02 12:13:16,2023-01-31 23:02:05,351,1672,0.2944418925126321
owncloud/web,2174,34,731,2023-01-01 00:31:03,2023-01-31 21:49:15,242,870,0.3362465501379945
Dimillian/IceCubesApp,2169,286,4,2023-01-01 07:22:41,2023-01-31 23:04:45,384,1369,0.0018441678192715537
foundryvtt/pf2e,2168,116,2,2023-01-01 00:07:34,2023-01-31 23:58:02,1080,561,0.0009225092250922509
pingcap/docs-cn,2164,55,1570,2023-01-02 08:53:07,2023-01-31 14:30:08,606,1239,0.7255083179297597
dotCMS/core,2162,34,787,2023-01-01 00:37:00,2023-01-31 23:56:55,267,1291,0.3640148011100833
openvinotoolkit/openvino,2158,170,110,2023-01-01 11:03:08,2023-01-31 23:58:01,970,778,0.05097312326227989
ministryofjustice/modernisation-platform-environments,2158,30,1094,2023-01-01 17:54:39,2023-01-31 15:20:45,275,793,0.5069508804448564
hackclub/winter,2141,332,4,2023-01-01 00:53:19,2023-01-31 21:28:39,613,1313,0.0018682858477347033
umbraco/Umbraco.CMS.Backoffice,2138,10,1026,2023-01-02 08:23:19,2023-01-31 23:58:17,212,1044,0.47988774555659497
intel/llvm,2138,98,16,2023-01-01 02:33:46,2023-01-31 23:35:37,434,912,0.007483629560336763
ComposableFi/composable,2132,25,952,2023-01-02 08:43:11,2023-01-31 20:45:34,473,1088,0.44652908067542213
apache/camel,2132,42,868,2023-01-01 11:44:34,2023-01-31 19:28:00,578,520,0.4071294559099437
ceph/ceph,2129,132,256,2023-01-01 10:04:23,2023-01-31 22:42:45,668,1205,0.12024424612494129
Meeds-io/gamification,2123,10,231,2023-01-01 03:13:05,2023-01-31 19:04:48,216,227,0.10880829015544041
ziglang/zig,2120,222,1,2023-01-01 01:07:40,2023-01-31 23:28:26,303,1598,0.0004716981132075472
openaps/AndroidAPSdocs,2119,7,1,2023-01-01 16:09:50,2023-01-31 23:57:12,103,15,0.00047192071731949034
redhat-appstudio/infra-deployments,2115,41,1426,2023-01-02 06:15:45,2023-01-31 19:09:43,290,1127,0.6742316784869976
logseq/logseq,2110,275,162,2023-01-01 00:02:13,2023-01-31 22:50:54,202,1514,0.07677725118483412
multipath-tcp/mptcp_net-next,2109,9,0,2023-01-02 05:48:00,2023-01-31 23:41:21,0,52,0.0
ccxt/ccxt,2094,173,1,2023-01-01 00:04:28,2023-01-31 23:51:52,565,1041,0.0004775549188156638
trustwallet/assets,2093,181,947,2023-01-01 01:03:57,2023-01-31 16:13:09,621,1364,0.4524605828953655
LCTT/TranslateProject,2088,18,1558,2023-01-01 00:03:07,2023-01-31 23:33:38,354,8,0.7461685823754789
dotnet/perf-autofiling-issues,2087,18,1454,2023-01-02 09:38:06,2023-01-31 22:18:56,0,2087,0.6966938188787734
woocommerce/woocommerce-blocks,2076,82,444,2023-01-01 09:03:48,2023-01-31 22:20:42,270,1087,0.2138728323699422
go-gitea/gitea,2076,272,3,2023-01-01 00:03:06,2023-01-31 23:15:06,421,1462,0.001445086705202312
ledgerwatch/erigon,2071,127,120,2023-01-01 00:33:41,2023-01-31 21:56:47,401,635,0.05794302269435055
iptv-org/epg,2062,75,866,2023-01-01 03:17:29,2023-01-31 23:45:34,330,682,0.41998060135790494
hazelcast/hazelcast,2056,41,529,2023-01-02 02:01:02,2023-01-31 23:05:27,412,1413,0.25729571984435795
protocolbuffers/protobuf,2046,146,1318,2023-01-01 03:28:04,2023-01-31 23:53:37,441,373,0.6441837732160313
openshift/assisted-service,2032,41,1396,2023-01-01 06:55:09,2023-01-31 22:54:45,225,1512,0.687007874015748
taosdata/TDengine,2024,146,0,2023-01-01 04:22:39,2023-01-31 15:20:04,601,414,0.0
tgstation/TerraGov-Marine-Corps,2021,131,458,2023-01-01 00:04:59,2023-01-31 23:54:07,391,1102,0.22662048490846115
facebookincubator/velox,2021,78,1210,2023-01-01 09:33:15,2023-01-31 23:50:18,375,1457,0.5987135081642752
endless-sky/endless-sky,2014,72,0,2023-01-01 00:08:44,2023-01-31 22:07:17,352,1529,0.0
SerenityOS/serenity,2013,114,143,2023-01-01 01:27:31,2023-01-31 23:27:46,912,663,0.07103825136612021
azure-sdk/azure-sdk-for-java,2012,6,0,2023-01-01 02:29:18,2023-01-31 23:58:45,286,0,0.0
medusajs/medusa,2003,77,282,2023-01-01 09:15:37,2023-01-31 18:57:32,352,575,0.14078881677483773
n8n-io/n8n,1996,109,0,2023-01-01 21:42:46,2023-01-31 22:51:55,374,665,0.0
microsoft/FluidFramework,1992,59,388,2023-01-01 00:01:53,2023-01-31 23:56:37,891,472,0.19477911646586346
smartcontractkit/chainlink,1991,58,707,2023-01-01 19:04:59,2023-01-31 22:00:33,353,323,0.35509794073329987
Alluxio/alluxio,1980,64,814,2023-01-01 15:11:01,2023-01-31 23:14:01,203,1661,0.4111111111111111
home-assistant/intents,1975,175,135,2023-01-01 15:12:43,2023-01-31 20:56:55,906,661,0.06835443037974684
coral-xyz/backpack,1951,51,501,2023-01-01 00:38:11,2023-01-31 23:47:59,429,734,0.256791389031266
iTwin/iTwinUI,1946,26,1208,2023-01-03 11:43:14,2023-01-31 23:24:32,116,185,0.6207605344295992
darktable-org/darktable,1940,152,49,2023-01-01 00:19:24,2023-01-31 23:05:02,253,1500,0.025257731958762887
grafana/mimir,1938,68,27,2023-01-02 07:04:27,2023-01-31 22:24:07,391,503,0.01393188854489164
elastic/beats,1936,152,576,2023-01-02 05:01:10,2023-01-31 23:44:35,365,1409,0.2975206611570248
hicommonwealth/commonwealth,1932,19,29,2023-01-02 15:19:27,2023-01-31 23:44:52,235,537,0.015010351966873706
mui/material-ui,1931,378,422,2023-01-01 02:08:24,2023-01-31 23:56:02,325,1318,0.21853961677887104
duneanalytics/spellbook,1931,58,40,2023-01-02 03:06:35,2023-01-31 23:01:30,332,1374,0.020714655618850338
openshift/installer,1930,81,1310,2023-01-01 00:01:10,2023-01-31 23:56:48,139,1644,0.6787564766839378
flathub/flathub,1929,110,1110,2023-01-01 04:36:37,2023-01-31 22:52:56,137,1792,0.5754276827371695
harness/developer-hub,1928,49,522,2023-01-02 04:55:28,2023-01-31 23:58:28,575,541,0.27074688796680496
sismo-core/sismo-hub,1905,27,706,2023-01-01 02:43:57,2023-01-31 18:52:28,853,363,0.37060367454068244
yugabyte/yugabyte-db,1905,161,94,2023-01-01 05:09:08,2023-01-31 23:40:41,173,1214,0.049343832020997375
metersphere/metersphere,1901,83,827,2023-01-01 00:05:05,2023-01-31 14:39:47,558,922,0.4350341925302472
osmosis-labs/osmosis,1895,45,72,2023-01-01 00:16:13,2023-01-31 23:52:04,372,508,0.03799472295514512
remix-run/remix,1895,200,271,2023-01-01 03:10:17,2023-01-31 23:23:20,300,1146,0.14300791556728232
wix-incubator/wix-rest-docs,1892,15,0,2023-01-01 04:22:42,2023-01-31 15:36:37,105,5,0.0
mui/mui-x,1889,233,480,2023-01-01 01:54:44,2023-01-31 23:09:41,432,1200,0.25410269984118583
goatcorp/DalamudPluginsD17,1886,99,1068,2023-01-01 06:12:23,2023-01-31 16:38:45,673,904,0.5662778366914104
PipedreamHQ/pipedream,1880,119,130,2023-01-01 09:05:23,2023-01-31 23:36:53,216,992,0.06914893617021277
liferay-lima/liferay-portal,1880,30,0,2023-01-01 15:45:13,2023-01-31 20:43:50,130,1671,0.0
ethyca/fides,1874,33,282,2023-01-02 16:19:14,2023-01-31 23:56:31,259,745,0.15048025613660618
magento/magento2,1871,284,719,2023-01-01 14:28:20,2023-01-31 22:56:57,39,1823,0.38428647781934794
xbmc/xbmc,1870,227,2,2023-01-01 05:38:56,2023-01-31 23:24:56,327,1434,0.0010695187165775401
helix-editor/helix,1867,318,43,2023-01-01 03:18:40,2023-01-31 23:56:03,285,1459,0.023031601499732192
teambtcmap/btcmap-data,1861,16,438,2023-01-01 05:28:40,2023-01-31 23:46:21,2,1848,0.2353573347662547
nikgapps/config,1856,151,1,2023-01-01 00:07:55,2023-01-31 17:40:27,765,123,0.0005387931034482759
rails/rails,1856,268,22,2023-01-01 09:17:25,2023-01-31 23:28:47,529,1002,0.011853448275862068
nx-squeezer/squeezer,1855,7,1301,2023-01-01 01:40:50,2023-01-31 14:50:01,222,1391,0.7013477088948787
chanzuckerberg/single-cell-data-portal,1855,30,581,2023-01-02 09:02:33,2023-01-31 23:43:14,257,425,0.3132075471698113
hmcts/civil-ccd-definition,1846,53,288,2023-01-01 03:02:02,2023-01-31 22:21:49,518,112,0.1560130010834236
php/php-src,1844,176,11,2023-01-01 03:36:13,2023-01-31 21:40:18,323,1266,0.00596529284164859
IMarkoMC/Tokens,1841,27,0,2023-01-01 00:03:28,2023-01-31 22:23:04,0,99,0.0
replayio/devtools,1840,21,872,2023-01-01 00:03:30,2023-01-31 23:14:51,419,838,0.47391304347826085
DGEXSolutions/osrd,1838,27,469,2023-01-01 11:15:56,2023-01-31 22:19:30,433,471,0.25516866158868334
cagnulein/qdomyos-zwift,1838,85,69,2023-01-01 07:55:59,2023-01-31 23:46:56,41,1643,0.03754080522306855
PowerShell/PowerShell,1836,172,640,2023-01-01 07:25:26,2023-01-31 23:17:13,209,1496,0.3485838779956427
datafuselabs/databend,1836,40,425,2023-01-01 05:01:42,2023-01-31 21:45:47,499,987,0.23148148148148148
banned-historical-archives/banned-historical-archives.github.io,1833,6,544,2023-01-01 11:23:56,2023-01-31 18:47:33,534,742,0.2967812329514457
ibis-project/ibis,1830,28,792,2023-01-01 00:39:54,2023-01-31 23:39:50,486,581,0.43278688524590164
spacemeshos/go-spacemesh,1829,14,1188,2023-01-01 07:22:32,2023-01-31 18:22:49,145,719,0.6495352651722253
rapidsai/cudf,1828,68,976,2023-01-01 01:17:27,2023-01-31 23:50:27,253,789,0.5339168490153173
clearlydefined/curated-data,1827,9,995,2023-01-02 08:29:21,2023-01-31 22:15:28,647,464,0.5446086480569239
coronasafe/care_fe,1824,24,794,2023-01-01 04:15:23,2023-01-31 17:21:04,251,1384,0.43530701754385964
dependabot/dependabot-core,1822,153,452,2023-01-01 02:03:04,2023-01-31 23:56:42,308,697,0.24807903402854006
JetBrains/kotlin,1811,72,2,2023-01-01 19:23:44,2023-01-31 23:38:18,57,60,0.0011043622308117063
bitcoin/bitcoin,1811,124,272,2023-01-01 02:23:39,2023-01-31 23:12:24,314,1366,0.15019326339039205
Nexus-Mods/Vortex,1810,39,1,2023-01-01 00:21:55,2023-01-31 23:45:16,2,1747,0.0005524861878453039
type-challenges/type-challenges,1808,258,17,2023-01-01 05:53:49,2023-01-31 23:45:37,55,1725,0.009402654867256638
code-dot-org/code-dot-org,1807,30,124,2023-01-02 08:51:12,2023-01-31 23:36:37,748,228,0.06862202545655784
vaadin/flow,1806,63,663,2023-01-01 00:37:49,2023-01-31 19:19:39,285,1086,0.36710963455149503
freeCodeCamp/freeCodeCamp,1802,150,473,2023-01-01 00:12:42,2023-01-31 23:29:36,446,988,0.2624861265260821
goonstation/goonstation,1801,77,250,2023-01-01 00:20:12,2023-01-31 23:47:54,340,759,0.138811771238201
hmcts/civil-service,1796,51,337,2023-01-01 02:01:59,2023-01-31 20:57:13,476,143,0.1876391982182628
RocketChat/Rocket.Chat,1793,237,279,2023-01-01 14:49:42,2023-01-31 22:57:14,256,633,0.15560513106525375
Azure/azure-powershell,1793,215,256,2023-01-01 13:51:05,2023-01-31 20:15:56,418,918,0.14277746793084217
qgis/QGIS,1792,230,174,2023-01-01 02:47:33,2023-01-31 23:23:36,454,1138,0.09709821428571429
PennyLaneAI/pennylane,1788,41,160,2023-01-02 08:21:27,2023-01-31 23:10:47,184,400,0.0894854586129754
Azure/azure-cli,1787,395,160,2023-01-01 10:59:50,2023-01-31 23:17:13,233,1428,0.08953553441522104
FuelLabs/sway,1784,41,27,2023-01-01 20:42:47,2023-01-31 23:45:41,272,611,0.015134529147982063
fedimint/fedimint,1784,19,196,2023-01-01 11:37:44,2023-01-31 22:28:03,432,1007,0.10986547085201794
vespa-engine/vespa,1784,41,1,2023-01-02 07:15:29,2023-01-31 23:20:06,885,215,0.0005605381165919282
dhis2/dhis2-core,1783,29,755,2023-01-02 07:10:18,2023-01-31 23:07:17,403,691,0.42344363432417276
paritytech/polkadot,1783,102,294,2023-01-01 01:26:46,2023-01-31 21:22:54,221,909,0.16489063376332025
1024pix/pix,1781,43,62,2023-01-02 08:07:38,2023-01-31 21:42:09,284,228,0.03481190342504211
ls1intum/Artemis,1781,46,31,2023-01-01 11:08:08,2023-01-31 22:53:42,223,295,0.017405951712521055
trinodb/trino,1781,174,28,2023-01-01 08:10:09,2023-01-31 23:05:10,458,1107,0.015721504772599662
frappe/frappe,1773,111,425,2023-01-01 07:31:59,2023-01-31 23:44:14,648,727,0.23970671178793007
logto-io/logto,1773,25,590,2023-01-01 00:15:47,2023-01-31 15:33:20,439,583,0.3327693175408911
bazelbuild/bazel,1770,196,355,2023-01-01 02:57:26,2023-01-31 23:56:31,257,1208,0.20056497175141244
dotnet/docs,1767,233,379,2023-01-01 00:16:30,2023-01-31 22:33:31,647,751,0.2144878324844369
microsoft/azuredatastudio,1766,129,143,2023-01-01 18:14:49,2023-01-31 23:57:54,377,788,0.08097395243488109
docker/docs,1765,141,908,2023-01-01 07:49:40,2023-01-31 22:22:36,340,1264,0.5144475920679886
LizardByte/ThemerrDB,1765,5,1119,2023-01-10 00:28:32,2023-01-31 20:49:57,133,1246,0.6339943342776204
connext/monorepo,1763,26,0,2023-01-05 11:04:24,2023-01-31 23:59:30,282,942,0.0
nrfconnect/sdk-nrf,1763,141,25,2023-01-01 15:13:02,2023-01-31 22:27:19,652,831,0.014180374361883154
openshift/hypershift,1762,35,1285,2023-01-02 00:01:04,2023-01-31 23:21:14,204,1352,0.7292849035187288
common-voice/common-voice,1761,18,1198,2023-01-01 03:23:39,2023-01-31 19:32:15,60,79,0.6802952867688813
bcgov/entity,1760,53,0,2023-01-03 16:55:13,2023-01-31 23:58:40,4,1753,0.0
wireapp/wire-android-reloaded,1759,18,262,2023-01-02 08:22:19,2023-01-31 17:59:45,237,638,0.1489482660602615
pass-culture/pass-culture-app-native,1748,18,474,2023-01-02 08:12:56,2023-01-31 22:21:12,353,518,0.2711670480549199
angular/angular,1748,252,319,2023-01-01 08:10:34,2023-01-31 22:05:42,333,1141,0.18249427917620137
apache/arrow-datafusion,1746,71,228,2023-01-01 12:30:38,2023-01-31 23:28:48,424,1141,0.13058419243986255
isomerpages/moe-bedoksouthsec,1746,5,0,2023-01-03 04:32:25,2023-01-31 23:20:02,2,0,0.0
JohnSnowLabs/spark-nlp,1743,39,69,2023-01-01 13:19:31,2023-01-31 20:46:56,275,77,0.039586919104991396
Azure/Azure-Sentinel,1741,102,243,2023-01-01 06:35:41,2023-01-31 22:52:34,334,832,0.13957495692130958
google/it-cert-automation-practice,1739,624,876,2023-01-01 02:26:08,2023-01-31 23:31:15,815,924,0.503737780333525
City-of-Helsinki/events-helsinki-monorepo,1737,10,568,2023-01-02 09:02:45,2023-01-31 15:59:01,110,1290,0.32700057570523894
kubernetes/minikube,1735,172,935,2023-01-01 08:41:38,2023-01-31 23:35:46,207,1429,0.5389048991354467
hashicorp/consul,1735,97,77,2023-01-02 01:32:48,2023-01-31 22:10:43,388,248,0.04438040345821326
dbt-labs/dbt-core,1726,116,210,2023-01-02 03:34:26,2023-01-31 23:49:45,346,849,0.12166859791425261
elastic/integrations,1726,139,51,2023-01-01 13:05:05,2023-01-31 23:50:04,265,1289,0.02954808806488992
JanssenProject/jans,1724,31,248,2023-01-01 15:04:57,2023-01-31 21:46:31,334,524,0.14385150812064965
denoland/deno,1723,244,21,2023-01-01 16:03:33,2023-01-31 23:28:26,374,1179,0.012188044109112013
openssl/openssl,1722,178,4,2023-01-01 00:09:00,2023-01-31 23:44:35,190,1364,0.0023228803716608595
matrixorigin/matrixone,1721,51,332,2023-01-02 05:05:02,2023-01-31 18:08:34,449,1091,0.19291109819872168
AlchemistSimulator/Alchemist,1719,9,1225,2023-01-01 18:07:54,2023-01-31 22:22:36,180,994,0.7126236183827807
signalco-io/signalco,1716,6,1102,2023-01-01 11:35:45,2023-01-31 23:42:13,328,904,0.6421911421911422
decentraland/unity-renderer,1709,37,124,2023-01-02 10:47:07,2023-01-31 23:23:23,236,615,0.07255705090696314
hagezi/dns-blocklists,1709,72,14,2023-01-01 00:31:52,2023-01-31 23:57:59,0,752,0.008191925102399064
Azure/bicep,1709,138,908,2023-01-01 09:17:53,2023-01-31 23:56:12,352,639,0.5313048566413107
ethereum/ethereum-org-website,1707,168,411,2023-01-01 06:02:49,2023-01-31 22:23:04,470,861,0.24077328646748683
recursion-team-v/bomb,1704,6,550,2023-01-01 01:25:45,2023-01-31 23:27:49,350,576,0.3227699530516432
keycloak/keycloak,1701,293,44,2023-01-01 00:31:17,2023-01-31 23:52:20,284,1301,0.02586713697824809
Unleash/unleash,1697,27,659,2023-01-01 15:13:27,2023-01-31 18:21:22,408,302,0.3883323512080141
centreon/centreon,1695,46,155,2023-01-02 06:44:17,2023-01-31 23:34:01,398,138,0.09144542772861357
AzerothWarsLR/WarcraftLegacies,1694,8,171,2023-01-01 21:35:43,2023-01-31 21:48:49,42,1080,0.10094451003541913
keptn/lifecycle-toolkit,1694,29,1083,2023-01-02 06:56:24,2023-01-31 23:42:50,189,1086,0.6393152302243211
sonic-net/sonic-buildimage,1684,168,94,2023-01-01 00:44:57,2023-01-31 23:25:01,589,861,0.055819477434679333
home-assistant/frontend,1680,290,228,2023-01-01 00:27:58,2023-01-31 23:56:43,365,956,0.1357142857142857
googleapis/google-cloud-dotnet,1679,22,979,2023-01-01 08:31:06,2023-01-31 15:06:54,582,739,0.5830851697438951
adriancaceres-dh/wave20-practicas,1676,60,0,2023-01-01 16:12:12,2023-01-31 23:51:21,58,0,0.0
bitwarden/clients,1676,237,241,2023-01-01 01:05:47,2023-01-31 23:45:51,314,585,0.14379474940334128
department-of-veterans-affairs/va.gov-cms,1675,38,480,2023-01-03 00:55:18,2023-01-31 23:43:22,170,1259,0.2865671641791045
rust-lang/rust-analyzer,1671,152,98,2023-01-01 03:53:24,2023-01-31 21:52:56,203,1171,0.05864751645721125
corda/corda-runtime-os,1670,39,122,2023-01-03 08:20:46,2023-01-31 23:58:27,364,192,0.07305389221556886
azerothcore/azerothcore-wotlk,1658,101,10,2023-01-01 05:49:17,2023-01-31 23:51:31,374,1074,0.006031363088057901
OfficeDev/TeamsFx,1657,78,343,2023-01-01 16:01:48,2023-01-31 16:59:54,569,489,0.20700060350030175
immich-app/immich,1655,130,181,2023-01-01 04:23:43,2023-01-31 23:06:20,272,876,0.10936555891238671
wandb/wandb,1652,175,258,2023-01-01 01:47:23,2023-01-31 23:49:22,205,729,0.15617433414043583
laravel/framework,1651,298,19,2023-01-01 06:33:46,2023-01-31 22:26:33,558,849,0.01150817686250757
novuhq/novu,1648,87,190,2023-01-01 10:20:13,2023-01-31 15:24:26,376,563,0.11529126213592233
dbt-labs/docs.getdbt.com,1647,74,133,2023-01-01 05:39:38,2023-01-31 23:16:48,279,412,0.08075288403157256
cloudflare/cloudflare-docs,1646,142,218,2023-01-02 08:21:36,2023-01-31 23:57:40,605,433,0.1324422843256379
kyma-incubator/compass,1645,14,1176,2023-01-03 09:01:18,2023-01-31 16:04:46,74,1304,0.7148936170212766
dbeaver/dbeaver,1644,267,1,2023-01-01 17:40:43,2023-01-31 21:34:24,156,1192,0.0006082725060827251
influxdata/influxdb_iox,1643,21,612,2023-01-02 01:19:11,2023-01-31 23:31:50,481,341,0.3724893487522824
spring-projects/spring-boot,1640,252,0,2023-01-01 06:49:48,2023-01-31 23:47:02,101,1355,0.0
scipy/scipy,1640,175,5,2023-01-01 00:13:28,2023-01-31 22:23:08,252,1273,0.003048780487804878
SAP/spartacus,1638,50,99,2023-01-02 00:14:52,2023-01-31 22:05:36,318,127,0.06043956043956044
siyuan-note/siyuan,1637,103,0,2023-01-01 01:47:02,2023-01-31 16:14:09,19,1131,0.0
MicrosoftDocs/microsoft-365-docs,1632,217,375,2023-01-01 16:04:46,2023-01-31 23:43:38,354,1081,0.22977941176470587
neondatabase/neon,1632,31,3,2023-01-01 09:49:25,2023-01-31 20:56:48,311,565,0.001838235294117647
weareinreach/InReach,1629,12,1215,2023-01-01 00:03:55,2023-01-31 23:12:20,149,794,0.7458563535911602
frappe/erpnext,1625,142,434,2023-01-01 00:07:02,2023-01-31 22:43:32,595,721,0.2670769230769231
dxos/dxos,1623,11,250,2023-01-01 03:24:21,2023-01-31 23:03:03,342,381,0.15403573629081946
kiegroup/optaplanner,1620,21,77,2023-01-02 10:12:49,2023-01-31 17:53:44,134,1422,0.047530864197530866
hashgraph/hedera-services,1618,43,599,2023-01-03 07:10:32,2023-01-31 22:37:31,178,904,0.37021013597033375
symfony/symfony,1617,276,68,2023-01-01 07:18:03,2023-01-31 22:48:29,289,1184,0.042053184910327765
google/jax,1615,139,959,2023-01-01 16:07:47,2023-01-31 23:54:49,473,527,0.5938080495356037
GCTC-NTGC/gc-digital-talent,1613,15,102,2023-01-03 14:09:50,2023-01-31 22:44:28,282,809,0.06323620582765034
tachiyomiorg/tachiyomi-extensions,1612,282,239,2023-01-01 00:00:09,2023-01-31 21:43:39,313,1105,0.14826302729528537
ocaml/opam-repository,1608,91,4,2023-01-02 08:12:11,2023-01-31 22:33:17,694,608,0.0024875621890547263
polkadot-js/apps,1608,59,860,2023-01-01 02:33:42,2023-01-31 23:49:37,328,538,0.5348258706467661
isomerpages/moe-jpjc,1607,6,0,2023-01-01 06:50:43,2023-01-31 00:35:28,331,2,0.0
bytebase/bytebase,1607,18,148,2023-01-01 01:46:47,2023-01-31 19:23:46,772,239,0.09209707529558182
Cap-go/capgo,1607,8,1233,2023-01-02 01:56:10,2023-01-30 19:45:08,30,671,0.7672682016179216
Azure/azure-sdk-for-js,1607,123,207,2023-01-02 05:32:31,2023-01-31 23:52:41,409,786,0.12881144990665838
ovh/manager,1606,26,706,2023-01-01 00:00:22,2023-01-31 22:06:11,336,679,0.4396014943960149
DataDog/integrations-core,1602,71,254,2023-01-02 07:34:23,2023-01-31 23:52:22,382,384,0.1585518102372035
KhronosGroup/Vulkan-ValidationLayers,1602,49,0,2023-01-01 03:59:59,2023-01-31 23:43:52,246,1235,0.0
Drosophilaa/Onlyfans18-,1599,5,0,2023-01-05 09:36:11,2023-01-31 23:52:01,0,0,0.0
iron-fish/ironfish,1598,148,0,2023-01-01 15:50:08,2023-01-31 23:53:38,469,444,0.0
apache/pulsar,1596,106,115,2023-01-01 02:06:40,2023-01-31 23:42:39,474,921,0.07205513784461152
shuding/nextra,1591,101,511,2023-01-01 10:10:23,2023-01-31 23:14:22,321,836,0.3211816467630421
nushell/nushell,1588,114,87,2023-01-01 00:32:30,2023-01-31 22:55:30,332,1104,0.05478589420654912
vaadin/web-components,1587,41,603,2023-01-01 19:07:43,2023-01-31 19:31:03,354,736,0.3799621928166352
Hex-Dragon/PCL2,1585,217,0,2023-01-01 01:09:39,2023-01-31 20:11:54,6,1573,0.0
o3de/o3de,1583,114,18,2023-01-01 07:35:21,2023-01-31 23:59:55,455,906,0.011370814908401769
AvaloniaUI/Avalonia,1583,132,3,2023-01-01 11:38:05,2023-01-31 23:58:10,241,1099,0.0018951358180669614
truenas/middleware,1582,17,4,2023-01-01 17:08:19,2023-01-31 23:52:59,505,321,0.0025284450063211127
syncfusion-content/ej2-asp-core-mvc-docs,1580,50,0,2023-01-03 04:53:02,2023-01-31 18:06:55,251,876,0.0
iree-org/iree,1576,51,110,2023-01-01 00:23:46,2023-01-31 23:21:53,470,720,0.06979695431472081
single-cell-data/TileDB-SOMA,1575,18,28,2023-01-02 20:13:41,2023-01-31 20:36:08,276,496,0.017777777777777778
woocommerce/woocommerce-ios,1572,27,375,2023-01-02 03:29:22,2023-01-31 12:37:00,328,740,0.2385496183206107
codestates-seb/seb41_main_024,1567,9,108,2023-01-03 11:42:14,2023-01-31 18:31:29,558,259,0.06892150606253988
kyma-project/test-infra,1565,35,1164,2023-01-01 11:53:45,2023-01-31 23:50:48,326,1040,0.7437699680511182
numpy/numpy,1564,187,1,2023-01-01 00:07:38,2023-01-31 21:45:08,255,1207,0.0006393861892583121
civicrm/civicrm-core,1562,48,254,2023-01-01 01:26:48,2023-01-31 23:46:57,444,925,0.16261203585147246
DataDog/dd-trace-py,1562,48,10,2023-01-01 09:57:11,2023-01-31 23:13:50,261,276,0.006402048655569782
lightdash/lightdash,1553,42,500,2023-01-01 10:08:32,2023-01-31 22:43:10,232,843,0.32195750160978753
rancher/rancher,1552,259,171,2023-01-01 00:58:36,2023-01-31 23:41:29,294,1148,0.11018041237113402
pimcore/pimcore,1550,64,188,2023-01-01 07:40:57,2023-01-31 20:42:52,300,692,0.12129032258064516
ValveSoftware/Dota2-Gameplay,1548,577,1,2023-01-01 03:02:22,2023-01-31 23:58:17,1,1547,0.0006459948320413437
argoproj/argo-cd,1547,375,174,2023-01-01 00:26:24,2023-01-31 22:53:19,273,1038,0.11247575953458307
withastro/docs,1547,97,255,2023-01-01 11:27:22,2023-01-31 23:10:28,433,529,0.16483516483516483
exoplatform/news,1546,13,134,2023-01-01 03:15:00,2023-01-31 13:12:15,137,146,0.08667529107373868
sympy/sympy,1545,90,193,2023-01-01 01:27:46,2023-01-31 23:54:10,190,1289,0.12491909385113269
vector-im/element-web,1544,269,168,2023-01-01 02:04:44,2023-01-31 22:15:35,53,1338,0.10880829015544041
Yao-class-cpp-studio/battle_game,1543,86,0,2023-01-03 10:00:49,2023-01-25 10:21:26,723,776,0.0
syncfusion-content/blazor-docs,1543,63,0,2023-01-03 04:13:53,2023-01-31 18:06:38,307,782,0.0
thoughtspot/thoughtspot-docs,1541,5,24,2023-01-03 19:31:58,2023-01-31 23:57:55,1013,25,0.015574302401038288
thisdot/starter.dev-github-showcases,1539,18,1003,2023-01-02 13:35:25,2023-01-31 17:12:15,143,1229,0.6517218973359324
dotnet/arcade,1538,69,429,2023-01-01 12:36:21,2023-01-31 23:49:38,169,1202,0.2789336801040312
GoogleChrome/developer.chrome.com,1537,152,314,2023-01-01 19:39:22,2023-01-31 23:17:26,310,778,0.20429407937540664
matplotlib/matplotlib,1537,130,15,2023-01-01 00:50:35,2023-01-31 23:27:58,362,1011,0.009759271307742356
TykTechnologies/tyk,1536,34,432,2023-01-01 10:56:25,2023-01-31 18:11:00,208,893,0.28125
ppy/osu,1534,179,5,2023-01-01 02:47:18,2023-01-31 23:17:47,331,1057,0.003259452411994785
neetcode-gh/leetcode,1534,86,110,2023-01-01 02:53:57,2023-01-31 19:01:39,790,150,0.07170795306388526
redhat-developer/odo,1533,16,1127,2023-01-02 06:31:03,2023-01-31 22:50:51,210,1251,0.7351598173515982
PCSX2/pcsx2,1531,142,3,2023-01-01 00:14:52,2023-01-31 23:28:34,331,993,0.001959503592423253
qmk/qmk_firmware,1527,220,380,2023-01-01 00:38:45,2023-01-31 22:15:06,473,600,0.24885396201702684
gamefreedomgit/Maelstrom,1525,36,0,2023-01-01 00:59:21,2023-01-31 22:56:56,0,1525,0.0
OpenBB-finance/OpenBBTerminal,1524,71,7,2023-01-01 16:58:59,2023-01-31 23:13:30,301,534,0.004593175853018373
aws4embeddedlinux/meta-aws,1523,7,0,2023-01-01 00:22:06,2023-01-31 06:04:29,956,110,0.0
department-of-veterans-affairs/vets-api,1520,54,283,2023-01-01 18:32:47,2023-01-31 23:18:30,413,116,0.18618421052631579
Shopify/cli,1520,125,419,2023-01-01 03:35:12,2023-01-31 23:52:00,217,687,0.2756578947368421
microsoft/ALAppExtensions,1519,139,4,2023-01-01 12:13:49,2023-01-31 22:24:58,65,1348,0.0026333113890717576
deepflowys/deepflow,1514,23,0,2023-01-03 02:11:56,2023-01-31 13:27:38,537,51,0.0
openhab/openhab-addons,1509,193,52,2023-01-01 00:11:20,2023-01-31 21:38:53,210,1193,0.03445990722332671
determined-ai/determined,1506,55,275,2023-01-03 06:22:31,2023-01-31 23:31:49,433,493,0.18260292164674635
Tinkoff/taiga-ui,1505,54,849,2023-01-02 09:14:39,2023-01-31 17:19:11,240,768,0.5641196013289037
AudiusProject/audius-client,1502,17,157,2023-01-02 11:54:54,2023-01-31 23:57:21,468,320,0.10452729693741677
libsdl-org/SDL,1502,128,5,2023-01-01 04:49:58,2023-01-31 23:51:42,270,972,0.003328894806924101
hashicorp/design-system,1502,14,310,2023-01-03 10:44:52,2023-01-31 22:42:54,332,314,0.20639147802929428
zigpy/zha-device-handlers,1500,233,14,2023-01-01 00:13:53,2023-01-31 23:14:07,101,1355,0.009333333333333334
ToolJet/ToolJet,1498,93,115,2023-01-02 05:02:35,2023-01-31 19:25:38,460,511,0.07676902536715621
gwen001/offsectools_www,1498,21,0,2023-01-01 09:47:58,2023-01-31 22:33:33,0,1206,0.0
alphagov/govuk-helm-charts,1498,13,1,2023-01-03 08:18:02,2023-01-31 19:39:16,135,6,0.0006675567423230974
yairm210/Unciv,1488,83,250,2023-01-01 09:24:02,2023-01-31 23:43:34,339,618,0.16801075268817203
SigNoz/signoz,1487,59,625,2023-01-01 08:59:43,2023-01-31 19:28:02,142,1130,0.4203093476798924
Dolibarr/dolibarr,1484,144,93,2023-01-01 10:10:11,2023-01-31 23:01:46,475,500,0.06266846361185983
refinedev/refine,1484,52,416,2023-01-01 20:33:48,2023-01-31 21:58:57,242,540,0.2803234501347709
gitperalta/proyecto-final-pf,1481,9,49,2023-01-03 15:17:57,2023-01-31 23:25:18,724,58,0.03308575286968265
scikit-learn/scikit-learn,1481,172,5,2023-01-01 05:19:49,2023-01-31 22:20:44,319,1036,0.00337609723160027
stolostron/rhacm-docs,1479,26,375,2023-01-03 01:04:21,2023-01-31 22:28:40,356,491,0.2535496957403651
apache/nuttx,1479,74,0,2023-01-01 13:15:09,2023-01-31 18:12:38,658,512,0.0
decidim/decidim,1478,24,837,2023-01-02 12:23:48,2023-01-31 21:44:38,175,159,0.5663058186738836
kumahq/kuma,1477,31,409,2023-01-02 08:07:28,2023-01-31 16:53:40,492,572,0.27691266079891674
exoplatform/documents,1476,12,131,2023-01-01 03:14:43,2023-01-31 19:04:45,141,130,0.08875338753387534
red-prig/fpps4-game-compatibility,1472,63,0,2023-01-01 07:51:03,2023-01-31 20:07:20,0,1472,0.0
highcharts/highcharts,1471,102,2,2023-01-02 08:08:24,2023-01-31 22:11:45,244,696,0.0013596193065941536
7oSkaaa/LeetCode_DailyChallenge_2023,1469,44,62,2023-01-02 11:32:55,2023-01-31 23:43:39,749,75,0.04220558202859088
openfoodfacts/openfoodfacts-server,1467,41,680,2023-01-01 03:17:17,2023-01-31 22:05:54,175,743,0.46353101567825494
Azure/azure-sdk-tools,1466,63,71,2023-01-01 07:46:10,2023-01-31 23:59:34,244,802,0.048431105047748974
artsy/force,1464,27,651,2023-01-02 13:12:35,2023-01-31 22:52:33,370,170,0.444672131147541
dotnet/efcore,1461,264,71,2023-01-01 10:05:09,2023-01-31 23:05:29,134,1211,0.0485968514715948
SumoLogic/sumologic-documentation,1460,44,42,2023-01-02 08:53:36,2023-01-31 22:48:16,454,237,0.028767123287671233
openedx/edx-platform,1459,94,363,2023-01-01 20:48:44,2023-01-31 23:11:24,338,623,0.24880054832076764
SamuelRnn/lazy-buy,1456,8,127,2023-01-02 16:35:24,2023-01-31 05:14:47,643,135,0.08722527472527472
pancakeswap/pancake-frontend,1455,19,738,2023-01-01 07:02:00,2023-01-31 23:25:21,365,540,0.5072164948453608
google/site-kit-wp,1454,33,336,2023-01-01 00:07:35,2023-01-31 23:50:27,189,688,0.2310866574965612
ruffle-rs/ruffle,1454,169,162,2023-01-01 06:24:32,2023-01-31 23:43:45,265,955,0.11141678129298486
StoDevX/AAO-React-Native,1453,7,623,2023-01-02 11:01:02,2023-01-31 23:54:27,400,425,0.42876806607019957
liferay-bpm-qa/liferay-portal,1451,28,0,2023-01-03 08:25:30,2023-01-31 23:23:41,196,1179,0.0
astronomer/astro-sdk,1450,19,135,2023-01-01 23:14:11,2023-01-31 17:18:46,197,488,0.09310344827586207
FreeCAD/FreeCAD,1450,125,1,2023-01-01 00:24:32,2023-01-31 22:49:19,261,1006,0.000689655172413793
Infomaniak/android-mail,1449,7,599,2023-01-02 07:42:27,2023-01-31 16:36:42,168,601,0.41338854382332646
Regalis11/Barotrauma,1447,107,0,2023-01-01 08:08:13,2023-01-31 22:34:26,3,1433,0.0
rustdesk/rustdesk,1446,208,17,2023-01-01 09:29:25,2023-01-31 23:25:21,246,1043,0.011756569847856155
microsoft/WSL,1445,745,82,2023-01-01 02:52:36,2023-01-31 23:48:52,11,1425,0.05674740484429066
kubernetes/enhancements,1444,142,652,2023-01-01 20:55:15,2023-01-31 23:53:17,124,1286,0.4515235457063712
Energinet-DataHub/greenforce-frontend,1442,23,647,2023-01-02 08:16:55,2023-01-31 22:29:43,167,707,0.4486823855755895
Opentrons/opentrons,1440,44,125,2023-01-02 19:05:14,2023-01-31 22:49:49,271,232,0.08680555555555555
elementor/elementor,1440,362,122,2023-01-01 03:24:27,2023-01-31 23:40:50,215,968,0.08472222222222223
files-community/Files,1440,134,17,2023-01-01 06:58:07,2023-01-31 23:26:34,205,987,0.011805555555555555
dagger/dagger,1439,52,141,2023-01-01 02:01:50,2023-01-31 23:59:46,291,864,0.09798471160528145
jhipster/jhipster-lite,1437,16,1144,2023-01-01 07:06:26,2023-01-31 17:33:17,656,375,0.7961029923451636
TryGhost/Ghost,1436,67,759,2023-01-01 07:21:50,2023-01-31 22:04:18,279,332,0.5285515320334262
baseplate-admin/CoreProject,1436,5,657,2023-01-01 04:46:32,2023-01-31 17:41:51,480,259,0.4575208913649025
goauthentik/authentik,1434,153,378,2023-01-01 02:56:40,2023-01-31 18:23:41,313,689,0.26359832635983266
matrix-org/synapse,1433,113,104,2023-01-01 03:40:47,2023-01-31 20:40:13,273,608,0.07257501744591766
github/advisory-database,1430,106,1012,2023-01-01 00:31:35,2023-01-31 23:52:28,232,290,0.7076923076923077
dapr/dapr,1430,106,454,2023-01-01 04:15:08,2023-01-31 23:56:33,222,1037,0.3174825174825175
erasels/PackmasterCharacter,1429,33,0,2023-01-01 00:15:06,2023-01-31 22:14:26,750,98,0.0
Uniswap/interface,1428,54,890,2023-01-01 00:17:34,2023-01-31 22:26:58,214,239,0.623249299719888
jupyterlab/jupyterlab,1426,95,260,2023-01-02 05:50:47,2023-01-31 23:44:57,317,953,0.182328190743338
tailscale/tailscale,1425,267,16,2023-01-01 04:51:58,2023-01-31 23:52:20,248,893,0.011228070175438596
kubernetes/kops,1422,41,909,2023-01-01 13:23:24,2023-01-31 18:36:40,288,1012,0.6392405063291139
redhat-openshift-ecosystem/community-operators-prod,1422,76,582,2023-01-01 01:45:24,2023-01-31 23:14:24,224,1053,0.4092827004219409
Luois45/claim-free-steam-packages,1421,5,709,2023-01-01 00:49:53,2023-01-31 23:05:54,1,13,0.4989444053483462
nocodb/nocodb,1421,105,203,2023-01-01 03:53:15,2023-01-31 22:18:11,237,685,0.14285714285714285
JetBrains/swot,1421,271,0,2023-01-01 03:53:39,2023-01-31 23:11:03,542,651,0.0
MinaProtocol/mina,1416,45,0,2023-01-02 10:38:44,2023-01-31 22:51:59,154,620,0.0
apache/flink,1413,123,222,2023-01-01 05:37:00,2023-01-31 22:53:44,430,791,0.15711252653927812
MaaAssistantArknights/MaaAssistantArknights,1409,230,4,2023-01-01 02:36:42,2023-01-31 18:57:37,119,999,0.0028388928317956
TheLastBen/fast-stable-diffusion,1409,247,30,2023-01-01 02:19:25,2023-01-31 00:38:14,10,1234,0.021291696238467
onedr0p/home-ops,1407,6,639,2023-01-01 00:26:10,2023-01-31 23:56:00,406,193,0.4541577825159915
libre-tube/LibreTube,1406,108,11,2023-01-01 01:57:07,2023-01-31 20:11:40,357,865,0.007823613086770981
GTNewHorizons/GT-New-Horizons-Modpack,1406,185,75,2023-01-01 00:55:42,2023-01-31 23:24:15,69,1299,0.05334281650071124
DefiLlama/DefiLlama-Adapters,1402,141,0,2023-01-01 12:36:17,2023-01-31 20:27:14,427,616,0.0
liferay-headless/liferay-portal,1402,16,0,2023-01-02 08:01:50,2023-01-31 20:43:34,88,1235,0.0
Liuhaixv/Goose_Goose_Duck_Hack,1399,119,0,2023-01-05 21:14:01,2023-01-31 23:36:42,88,993,0.0
iptv-org/iptv,1399,76,115,2023-01-01 01:18:35,2023-01-31 21:50:48,249,916,0.08220157255182273
oven-sh/bun,1398,161,0,2023-01-01 04:13:38,2023-01-31 23:45:47,181,708,0.0
microsoft/terminal,1397,222,362,2023-01-01 02:05:23,2023-01-31 23:20:29,83,1186,0.25912670007158195
ArduPilot/ardupilot,1396,123,0,2023-01-01 00:27:33,2023-01-31 23:22:05,445,761,0.0
LizardByte/Sunshine,1396,103,523,2023-01-01 00:05:23,2023-01-31 21:50:56,265,627,0.3746418338108882
hydephp/develop,1395,5,181,2023-01-01 12:17:40,2023-01-31 21:33:43,178,127,0.12974910394265232
travellings-link/travellings,1394,127,592,2023-01-01 03:18:47,2023-01-31 14:43:10,25,1322,0.4246771879483501
KITmetricslab/hospitalization-nowcast-hub,1394,5,225,2023-01-01 06:05:48,2023-01-31 21:59:45,448,225,0.16140602582496413
amplication/amplication,1394,33,53,2023-01-01 09:00:49,2023-01-31 21:59:05,335,555,0.03802008608321377
bigbluebutton/greenlight,1394,23,887,2023-01-02 13:35:20,2023-01-31 23:23:59,558,518,0.6362984218077475
Oztechan/CCC,1390,6,352,2023-01-01 07:55:04,2023-01-31 23:24:19,323,533,0.25323741007194245
trezor/trezor-suite,1389,53,31,2023-01-01 13:39:48,2023-01-31 17:48:40,237,567,0.022318214542836574
defenseunicorns/zarf,1389,35,468,2023-01-01 20:24:00,2023-01-31 23:21:33,236,341,0.3369330453563715
authelia/authelia,1382,43,563,2023-01-01 00:50:07,2023-01-31 21:56:32,307,363,0.4073806078147612
hmcts/prl-cos-api,1382,27,76,2023-01-01 19:14:18,2023-01-31 23:44:21,255,18,0.05499276410998553
rabbitmq/rabbitmq-server,1381,48,186,2023-01-02 04:19:36,2023-01-31 22:50:13,551,224,0.13468501086169443
directus/directus,1381,175,120,2023-01-01 00:09:31,2023-01-31 23:58:47,132,867,0.08689355539464157
owncloud/ocis,1380,57,411,2023-01-01 00:36:01,2023-01-31 17:48:32,204,745,0.29782608695652174
camunda/zeebe,1378,43,627,2023-01-01 16:06:52,2023-01-31 21:56:34,197,692,0.45500725689404936
digital-asset/daml,1377,45,62,2023-01-01 06:02:42,2023-01-31 20:12:30,397,330,0.04502541757443718
invoke-ai/InvokeAI,1375,293,60,2023-01-01 00:36:08,2023-01-31 23:46:52,163,853,0.04363636363636364
db-ui/mono,1375,7,831,2023-01-02 03:20:00,2023-01-31 15:15:29,287,221,0.6043636363636363
hyperlane-xyz/hyperlane-monorepo,1374,10,439,2023-01-01 19:42:59,2023-01-31 23:53:32,181,703,0.3195050946142649
akeneo/pim-community-dev,1374,54,170,2023-01-02 09:03:50,2023-01-31 17:15:04,373,162,0.12372634643377002
woocommerce/woocommerce-android,1373,35,424,2023-01-02 07:44:26,2023-01-31 23:07:52,198,729,0.30881281864530225
PrairieLearn/PrairieLearn,1372,25,505,2023-01-01 03:49:27,2023-01-31 22:24:59,396,431,0.3680758017492711
taikoxyz/taiko-mono,1371,97,142,2023-01-02 04:26:36,2023-01-31 22:57:34,250,483,0.10357403355215171
cloudflare/wrangler2,1369,147,343,2023-01-01 05:47:55,2023-01-31 22:24:53,147,868,0.2505478451424397
jina-ai/now,1367,16,180,2023-01-01 09:52:31,2023-01-31 19:54:09,182,355,0.13167520117044623
gradio-app/gradio,1367,121,107,2023-01-01 13:41:01,2023-01-31 23:59:54,152,819,0.07827359180687637
glepnir/lspsaga.nvim,1366,146,60,2023-01-01 04:22:09,2023-01-31 23:43:45,64,973,0.043923865300146414
tiann/KernelSU,1366,40,624,2023-01-01 08:51:30,2023-01-31 14:27:28,235,276,0.4568081991215227
is-a-dev/register,1365,255,96,2023-01-01 01:28:19,2023-01-31 23:31:31,675,420,0.07032967032967033
dtolnay/rust-toolchain,1363,6,0,2023-01-11 01:45:59,2023-01-31 21:36:44,12,8,0.0
opensearch-project/documentation-website,1362,45,135,2023-01-02 13:30:36,2023-01-31 23:20:17,376,307,0.09911894273127753
tloncorp/landscape-apps,1360,49,272,2023-01-01 00:21:52,2023-01-31 21:37:28,202,763,0.2
SocialGouv/mano,1359,9,726,2023-01-02 09:34:46,2023-01-31 13:28:01,258,671,0.5342163355408388
notepad-plus-plus/notepad-plus-plus,1353,222,10,2023-01-01 10:25:49,2023-01-31 21:32:03,77,1228,0.007390983000739098
unoplatform/uno,1353,83,148,2023-01-01 08:41:22,2023-01-31 23:03:14,245,716,0.10938654841093866
Altinn/altinn-studio,1350,31,208,2023-01-02 07:23:52,2023-01-31 19:37:20,283,474,0.15407407407407409
modern-js-dev/modern.js,1350,22,444,2023-01-02 02:03:54,2023-01-31 12:22:37,373,390,0.3288888888888889
solo-io/gloo,1349,53,563,2023-01-02 13:00:01,2023-01-31 21:56:20,194,410,0.4173461823573017
ComplianceAsCode/content,1349,32,647,2023-01-02 08:31:29,2023-01-31 23:11:56,230,1011,0.47961452928094883
matrix-org/matrix-react-sdk,1347,83,321,2023-01-01 07:16:26,2023-01-31 23:47:49,355,227,0.2383073496659243
lichess-org/lila,1346,81,0,2023-01-01 05:28:21,2023-01-31 23:48:38,173,323,0.0
PRQL/prql,1345,37,40,2023-01-01 03:48:25,2023-01-31 23:59:55,412,637,0.02973977695167286
vegaprotocol/vega,1344,34,7,2023-01-02 09:54:24,2023-01-31 23:44:05,204,373,0.005208333333333333
ITISFoundation/osparc-simcore,1344,15,1060,2023-01-03 15:33:30,2023-01-31 22:50:18,129,1149,0.7886904761904762
openjdk/jdk17u-dev,1343,31,1004,2023-01-01 04:26:40,2023-01-31 18:56:15,245,947,0.7475800446760983
lensterxyz/lenster,1343,39,397,2023-01-01 06:42:22,2023-01-31 12:28:33,331,557,0.2956068503350707
EddieHubCommunity/support,1342,317,947,2023-01-01 02:50:08,2023-01-31 20:26:05,3,1336,0.7056631892697467
betagouv/beta.gouv.fr,1342,151,196,2023-01-01 09:45:14,2023-01-31 17:15:20,827,48,0.14605067064083457
datahub-project/datahub,1341,112,171,2023-01-01 02:07:51,2023-01-31 23:16:23,449,517,0.12751677852348994
input-output-hk/cardano-node,1340,89,250,2023-01-01 03:19:25,2023-01-31 18:11:35,171,336,0.1865671641791045
ArnoldSmith86/virtualtabletop,1337,10,35,2023-01-01 00:12:50,2023-01-31 23:57:48,131,848,0.02617801047120419
ubuntu-flutter-community/software,1337,22,2,2023-01-01 08:59:38,2023-01-31 21:27:36,279,803,0.0014958863126402393
espressif/esp-idf,1337,312,48,2023-01-01 02:07:42,2023-01-31 23:08:17,36,1278,0.03590127150336574
Graylog2/graylog2-server,1335,68,180,2023-01-02 01:07:20,2023-01-31 18:30:46,324,292,0.1348314606741573
cgeo/cgeo,1335,22,668,2023-01-01 12:55:19,2023-01-31 15:21:21,125,496,0.500374531835206
inery-blockchain/inery-testnet-faucet-tasks,1334,445,0,2023-01-01 16:27:05,2023-01-31 20:33:46,1156,124,0.0
freebsd/freebsd-ports,1334,13,0,2023-01-01 00:50:08,2023-01-31 19:50:07,19,13,0.0
python/typeshed,1330,54,299,2023-01-01 00:21:27,2023-01-31 23:55:52,394,746,0.22481203007518796
dotnet/AspNetCore.Docs,1330,126,34,2023-01-01 00:13:33,2023-01-31 23:43:32,344,609,0.02556390977443609
kiegroup/kogito-runtimes,1329,34,131,2023-01-02 10:30:49,2023-01-31 23:46:45,109,1124,0.09857035364936043
nextcloud/android,1329,136,688,2023-01-01 01:40:00,2023-01-31 22:26:58,135,926,0.5176824680210684
Ultimaker/Cura,1327,338,128,2023-01-01 00:19:32,2023-01-31 22:54:19,93,1078,0.09645817633760362
nuxt/nuxt,1325,249,111,2023-01-19 18:58:18,2023-01-31 23:13:40,126,1044,0.08377358490566038
kglw-dot-net/site,1324,7,5,2023-01-01 00:50:13,2023-01-31 23:58:27,226,24,0.0037764350453172208
100mslive/100ms-docs,1322,30,186,2023-01-01 04:57:57,2023-01-31 16:12:47,348,214,0.14069591527987896
owncast/owncast,1320,37,739,2023-01-01 00:08:08,2023-01-31 23:24:02,98,447,0.5598484848484848
pyg-team/pytorch_geometric,1320,79,199,2023-01-02 12:07:32,2023-01-31 22:54:39,237,335,0.15075757575757576
db-ui/elements,1320,5,1036,2023-01-02 03:15:48,2023-01-31 07:45:20,318,181,0.7848484848484848
DataBiosphere/terra-ui,1319,32,382,2023-01-03 15:00:54,2023-01-31 23:29:56,242,548,0.2896133434420015
trilinos/Trilinos,1316,52,40,2023-01-01 00:21:27,2023-01-31 23:46:54,114,1089,0.030395136778115502
Textualize/textual,1315,50,178,2023-01-01 02:19:27,2023-01-31 17:54:25,202,706,0.13536121673003804
ionic-team/ionic-framework,1315,113,131,2023-01-01 04:00:40,2023-01-31 23:07:27,180,642,0.09961977186311786
osmandapp/OsmAnd,1314,131,0,2023-01-01 01:05:06,2023-01-31 23:10:43,126,986,0.0
mpv-player/mpv,1313,200,0,2023-01-01 00:30:24,2023-01-31 22:57:11,119,1134,0.0
shapeshift/web,1311,20,4,2023-01-01 23:29:14,2023-01-31 23:38:45,363,180,0.0030511060259344014
openshift/machine-config-operator,1308,51,852,2023-01-01 00:01:03,2023-01-31 22:37:38,102,1129,0.6513761467889908
moodpulse/l2,1308,5,1009,2023-01-01 02:42:21,2023-01-31 01:46:11,149,27,0.7714067278287462
jhipster/generator-jhipster,1308,48,692,2023-01-01 22:53:21,2023-01-31 23:05:16,553,292,0.5290519877675841
department-of-veterans-affairs/vets-website,1305,72,16,2023-01-01 00:17:55,2023-01-31 23:38:00,374,88,0.012260536398467433
liferay-tango/liferay-portal,1305,11,83,2023-01-01 06:52:51,2023-01-31 20:31:52,123,1057,0.06360153256704981
treeverse/lakeFS,1303,29,60,2023-01-01 07:29:07,2023-01-31 22:39:33,253,407,0.04604758250191865
safe-global/web-core,1302,32,187,2023-01-01 21:42:43,2023-01-31 18:51:41,182,647,0.1436251920122888
dotnet/installer,1301,49,421,2023-01-02 11:04:00,2023-01-31 23:53:32,369,420,0.3235972328977709
CDCgov/prime-simplereport,1301,20,375,2023-01-02 15:08:04,2023-01-31 23:24:08,220,709,0.28823981552651806
coq/coq,1301,43,331,2023-01-01 03:41:45,2023-01-31 22:58:52,211,1014,0.2544196771714066
pingcap/tiflash,1298,32,593,2023-01-01 18:34:31,2023-01-31 16:25:56,172,1042,0.45685670261941447
maidsafe/safe_network,1298,15,901,2023-01-01 17:07:39,2023-01-31 20:17:04,184,496,0.6941448382126348
vlang/v,1297,83,9,2023-01-01 00:25:05,2023-01-31 21:43:34,347,746,0.006939090208172706
openshift/origin,1296,61,890,2023-01-01 03:22:07,2023-01-31 23:28:45,107,1100,0.6867283950617284
betaflight/betaflight,1295,150,232,2023-01-01 01:24:18,2023-01-31 23:27:32,128,1079,0.17915057915057914
dmlc/dgl,1294,41,634,2023-01-02 10:30:29,2023-01-31 23:19:47,225,913,0.4899536321483771
jeremylong/DependencyCheck,1293,266,155,2023-01-01 11:27:37,2023-01-31 20:22:22,130,1007,0.11987625676720805
FRRouting/frr,1293,77,112,2023-01-01 02:04:06,2023-01-31 23:53:50,216,969,0.08662026295436968
guardian/dotcom-rendering,1293,35,310,2023-01-02 06:05:26,2023-01-31 18:35:01,302,520,0.2397525135344161
pingcap/tiflow,1292,39,603,2023-01-02 04:43:20,2023-01-31 22:59:51,194,1014,0.46671826625387
wazuh/wazuh,1292,119,0,2023-01-01 02:34:45,2023-01-31 23:35:23,117,669,0.0
OneKeyHQ/app-monorepo,1292,20,387,2023-01-01 03:38:01,2023-01-31 20:11:27,240,371,0.2995356037151703
returntocorp/semgrep,1291,73,97,2023-01-01 15:18:56,2023-01-31 23:47:43,423,358,0.07513555383423702
MetaMask/metamask-mobile,1289,102,194,2023-01-01 00:20:36,2023-01-31 23:44:18,217,418,0.15050426687354537
ArctosDB/arctos,1288,43,0,2023-01-02 16:22:10,2023-01-31 23:52:39,0,1282,0.0
kiegroup/droolsjbpm-build-bootstrap,1288,9,675,2023-01-01 00:37:49,2023-01-31 23:06:21,48,182,0.5240683229813664
casey/ord,1287,25,5,2023-01-01 00:26:27,2023-01-31 23:56:01,249,500,0.003885003885003885
apollographql/router,1287,55,205,2023-01-02 06:45:35,2023-01-31 22:38:01,215,440,0.1592851592851593
DimensionDev/Maskbook,1287,20,138,2023-01-01 01:38:18,2023-01-31 14:24:15,398,175,0.10722610722610723
stripe/stripe-android,1285,23,94,2023-01-01 22:17:15,2023-01-31 23:42:25,352,148,0.07315175097276265
sanity-io/sanity,1282,112,74,2023-01-02 09:22:20,2023-01-31 22:20:02,121,912,0.057722308892355696
arangodb/arangodb,1280,39,2,2023-01-02 09:14:00,2023-01-30 18:59:48,284,100,0.0015625
nightscout/AndroidAPS,1280,53,377,2023-01-01 11:48:52,2023-01-31 21:40:23,46,673,0.29453125
openstates/people,1280,8,6,2023-01-02 17:33:42,2023-01-31 17:57:56,192,12,0.0046875
lensapp/lens,1279,145,279,2023-01-01 14:36:52,2023-01-31 23:41:32,299,536,0.2181391712275215
wireapp/kalium,1278,18,144,2023-01-02 09:23:56,2023-01-31 16:11:33,264,253,0.11267605633802817
midudev/kings-league-project,1277,87,152,2023-01-03 18:05:03,2023-01-22 07:29:55,586,185,0.11902897415818324
PostHog/posthog.com,1276,40,175,2023-01-01 20:01:49,2023-01-31 23:54:41,307,431,0.1371473354231975
ballerina-platform/ballerina-lang,1275,63,280,2023-01-01 20:05:38,2023-01-31 20:24:45,367,771,0.2196078431372549
plugdata-team/plugdata,1273,29,0,2023-01-01 01:14:13,2023-01-31 23:24:11,193,648,0.0
ocaml/ocaml,1271,107,18,2023-01-01 17:41:09,2023-01-31 21:14:38,148,1052,0.014162077104642014
LibreDWG/libredwg,1270,7,42,2023-01-01 17:27:38,2023-01-31 19:39:51,89,264,0.03307086614173228
Lucascserrate/cava_verdot,1268,9,138,2023-01-02 17:50:54,2023-01-27 02:18:20,450,144,0.10883280757097792
bfossen-ce/people,1266,5,0,2023-01-02 02:24:45,2023-01-31 18:10:58,0,0,0.0
bigbluebutton/bigbluebutton,1264,91,388,2023-01-01 02:53:16,2023-01-31 22:18:31,297,786,0.3069620253164557
swarmion/swarmion,1263,12,858,2023-01-01 06:51:51,2023-01-31 21:10:45,154,788,0.6793349168646081
centerofci/mathesar,1261,30,53,2023-01-02 12:24:18,2023-01-31 22:04:22,132,724,0.04203013481363997
specify/specify7,1260,20,73,2023-01-01 14:42:49,2023-01-31 22:42:27,101,695,0.05793650793650794
mattermost/mattermost-mobile,1259,85,12,2023-01-01 07:50:27,2023-01-31 23:51:25,220,780,0.009531374106433678
ranaroussi/yfinance,1258,189,0,2023-01-01 13:46:48,2023-01-31 22:12:25,60,1084,0.0
codestates-seb/seb41_main_004,1258,7,0,2023-01-03 06:37:52,2023-01-31 07:55:00,490,264,0.0
unlock-protocol/unlock,1257,14,142,2023-01-01 09:59:18,2023-01-31 20:15:43,329,239,0.11296738265712013
codestates-seb/seb41_main_020,1257,6,0,2023-01-06 04:32:15,2023-01-30 22:07:45,525,239,0.0
betagouv/itou,1253,14,92,2023-01-02 08:01:59,2023-01-31 17:24:28,306,127,0.07342378292098962
NethermindEth/nethermind,1252,42,6,2023-01-01 07:10:32,2023-01-31 20:34:48,224,284,0.004792332268370607
DIYgod/RSSHub,1249,97,651,2023-01-01 01:14:33,2023-01-31 23:00:44,275,775,0.5212169735788631
servo/servo,1246,31,57,2023-01-01 01:39:18,2023-01-31 22:58:56,187,692,0.045746388443017656
wordpress-mobile/WordPress-iOS,1243,38,372,2023-01-01 16:50:31,2023-01-31 19:21:44,222,698,0.29927594529364443
SmartlyDressedGames/Unturned-3.x-Community,1240,49,0,2023-01-01 02:19:16,2023-01-31 23:28:19,1,1237,0.0
Agoric/agoric-sdk,1239,26,280,2023-01-01 01:51:30,2023-01-31 23:55:28,180,484,0.22598870056497175
bridgecrewio/checkov,1239,85,42,2023-01-01 07:02:30,2023-01-31 23:50:43,302,206,0.03389830508474576
emscripten-core/emscripten,1239,87,0,2023-01-01 01:52:56,2023-01-31 23:24:40,227,629,0.0
mozilla-mobile/firefox-ios,1239,95,245,2023-01-02 06:51:47,2023-01-31 22:25:04,225,905,0.1977401129943503
LibreOffice/core,1238,5,4,2023-01-01 10:13:43,2023-01-31 21:54:49,4,4,0.0032310177705977385
keinsell/neuronek,1237,13,693,2023-01-10 01:00:58,2023-01-31 22:11:12,167,610,0.5602263540824576
vaadin/flow-components,1237,54,392,2023-01-01 19:19:35,2023-01-31 15:37:45,214,605,0.31689571544058204
concrete-utopia/utopia,1236,13,323,2023-01-02 08:33:38,2023-01-31 23:21:10,288,368,0.2613268608414239
OpenMage/magento-lts,1235,34,16,2023-01-01 09:23:32,2023-01-31 18:53:46,248,768,0.012955465587044534
transmission/transmission,1234,114,12,2023-01-01 01:03:47,2023-01-31 23:49:06,213,826,0.009724473257698542
webstudio-is/webstudio-designer,1233,10,126,2023-01-01 17:58:12,2023-01-31 22:03:13,256,357,0.10218978102189781
microsoft/AzureTRE,1231,22,383,2023-01-01 12:24:43,2023-01-31 17:44:54,172,635,0.31112916328188467
filecoin-project/lotus,1228,60,41,2023-01-01 22:06:18,2023-01-31 22:51:33,251,384,0.033387622149837134
elastic/apm-server,1228,33,304,2023-01-01 00:30:51,2023-01-31 20:17:26,363,670,0.247557003257329
grpc/grpc,1227,169,28,2023-01-02 08:19:52,2023-01-31 23:53:40,399,640,0.022819885900570498
kubermatic/dashboard,1226,23,859,2023-01-02 07:40:13,2023-01-31 20:30:42,173,971,0.700652528548124
pivotal/docs-tap,1226,62,126,2023-01-03 14:52:23,2023-01-31 23:27:57,242,179,0.10277324632952692
peter-hanzo/pub-0,1225,5,134,2023-01-09 08:58:36,2023-01-31 17:15:58,230,135,0.10938775510204081
glpi-project/glpi,1221,100,112,2023-01-01 11:02:34,2023-01-31 21:41:29,350,690,0.09172809172809172
AlenaMushko/Filmoteka_teamwork,1221,13,260,2023-01-05 23:30:53,2023-01-30 13:22:10,434,2,0.21294021294021295
vector-im/element-android,1221,142,396,2023-01-01 10:29:31,2023-01-31 23:05:24,214,685,0.32432432432432434
penrose/penrose,1220,14,616,2023-01-01 12:28:24,2023-01-31 19:39:37,154,321,0.5049180327868853
goalgorilla/open_social,1220,20,89,2023-01-01 00:03:54,2023-01-31 17:02:16,70,828,0.07295081967213114
mkrtichstepanyan/epam-trainings-2023,1220,63,0,2023-01-11 12:53:26,2023-01-31 21:47:57,530,29,0.0
rust-lang/cargo,1220,171,139,2023-01-01 08:32:44,2023-01-31 23:27:23,126,920,0.1139344262295082
reservoirprotocol/indexer,1218,14,13,2023-01-02 03:19:10,2023-01-31 23:11:06,586,12,0.010673234811165846
pfsense/FreeBSD-ports,1218,11,0,2023-01-01 00:50:33,2023-01-31 19:50:32,24,9,0.0
plexsoup/GWJ53,1217,7,0,2023-01-13 23:13:56,2023-01-29 06:55:53,381,174,0.0
PX4/PX4-Autopilot,1217,119,220,2023-01-01 00:39:16,2023-01-31 23:21:12,259,468,0.18077239112571897
d8ahazard/sd_dreambooth_extension,1216,257,23,2023-01-01 00:25:18,2023-01-31 23:29:58,102,932,0.018914473684210526
streetwriters/notesnook,1216,51,196,2023-01-01 00:18:20,2023-01-31 22:22:54,106,839,0.1611842105263158
pharo-project/pharo,1214,45,9,2023-01-01 20:26:40,2023-01-31 22:00:13,370,713,0.007413509060955519
OrchardCMS/OrchardCore,1212,58,16,2023-01-01 04:16:52,2023-01-31 20:34:30,176,837,0.013201320132013201
infosecstreams/infosecstreams.github.io,1211,8,35,2023-01-01 00:00:21,2023-01-31 23:53:03,13,2,0.028901734104046242
CSSEGISandData/COVID-19,1211,24,0,2023-01-01 00:32:32,2023-01-31 23:32:17,161,90,0.0
StarRocks/docs.zh-cn,1211,22,254,2023-01-03 03:21:16,2023-01-31 12:27:17,598,291,0.2097440132122213
onflow/flow-go,1210,31,442,2023-01-02 14:30:25,2023-01-31 23:56:23,194,398,0.3652892561983471
openwrt/packages,1209,155,28,2023-01-01 03:07:50,2023-01-31 22:46:59,324,695,0.02315963606286187
bcgov/sso-terraform,1208,5,3,2023-01-03 16:50:46,2023-01-31 22:50:34,350,3,0.0024834437086092716
zooniverse/front-end-monorepo,1208,7,307,2023-01-02 10:34:45,2023-01-31 23:57:53,277,344,0.2541390728476821
Liquipedia/Lua-Modules,1206,13,28,2023-01-01 15:57:09,2023-01-31 21:11:28,373,202,0.02321724709784411
taichi-dev/taichi,1204,45,199,2023-01-01 01:38:35,2023-01-31 23:38:40,415,471,0.16528239202657807
bazelbuild/intellij,1204,48,559,2023-01-02 10:44:07,2023-01-31 23:42:36,201,531,0.4642857142857143
hazelcast/hazelcast-platform-operator,1204,11,628,2023-01-01 09:26:31,2023-01-31 22:03:28,130,13,0.521594684385382
dresden-elektronik/deconz-rest-plugin,1203,171,71,2023-01-01 01:28:26,2023-01-31 22:28:43,98,1045,0.05901911886949293
rstudio/rstudio,1203,206,120,2023-01-01 03:29:08,2023-01-31 23:34:15,94,733,0.09975062344139651
jlord/patchwork,1201,298,733,2023-01-01 18:09:33,2023-01-31 20:52:16,660,192,0.6103247293921732
geneontology/go-ontology,1200,40,54,2023-01-01 15:49:27,2023-01-31 17:32:31,259,714,0.045
openshift/microshift,1199,28,844,2023-01-01 09:39:37,2023-01-31 22:06:39,155,946,0.7039199332777314
nextauthjs/next-auth,1199,307,137,2023-01-01 02:08:47,2023-01-31 23:01:55,166,846,0.11426188490408674
stamparm/maltrail,1198,5,0,2023-01-01 00:36:08,2023-01-31 18:18:08,5,19,0.0
apache/tvm,1198,103,221,2023-01-01 05:02:29,2023-01-31 23:54:29,355,648,0.18447412353923207
ILIAS-eLearning/ILIAS,1197,40,5,2023-01-01 10:48:16,2023-01-31 21:26:36,307,209,0.004177109440267335
cityofaustin/atd-data-tech,1196,28,50,2023-01-02 18:39:35,2023-01-31 22:42:17,0,1192,0.04180602006688963
ansible-collections/community.general,1196,114,457,2023-01-01 02:12:56,2023-01-31 22:19:25,274,783,0.38210702341137126
grafana/agent,1195,70,39,2023-01-01 21:58:56,2023-01-31 23:02:20,256,438,0.032635983263598324
BSData/wh40k,1194,146,4,2023-01-01 00:33:29,2023-01-31 22:04:10,37,959,0.0033500837520938024
Yoast/wordpress-seo,1193,94,42,2023-01-01 05:31:36,2023-01-31 16:22:07,174,544,0.03520536462699078
rancher/dashboard,1192,82,88,2023-01-02 09:25:41,2023-01-31 22:07:54,184,836,0.0738255033557047
adobe/react-spectrum,1192,79,372,2023-01-02 11:39:09,2023-01-31 23:52:52,108,740,0.31208053691275167
odoo/o-spreadsheet,1192,16,0,2023-01-02 08:27:42,2023-01-31 20:39:48,138,220,0.0
conan-io/conan,1192,127,0,2023-01-01 15:00:21,2023-01-31 20:25:49,160,937,0.0
EdgeTX/edgetx,1192,86,1,2023-01-01 01:12:00,2023-01-31 22:31:25,137,885,0.0008389261744966443
codestates-seb/seb41_main_006,1190,8,30,2023-01-03 07:07:13,2023-01-31 08:50:51,551,198,0.025210084033613446
nuxt/framework,1189,247,176,2023-01-01 01:45:54,2023-01-30 11:50:44,165,762,0.14802354920100924
languagetool-org/languagetool,1188,55,0,2023-01-01 04:11:02,2023-01-31 20:40:04,125,389,0.0
NixOS/nix,1185,197,23,2023-01-01 00:33:46,2023-01-31 23:53:29,219,870,0.019409282700421943
na2na-p/sns-app,1184,5,458,2023-01-11 03:08:56,2023-01-31 13:08:26,270,179,0.38682432432432434
nvim-treesitter/nvim-treesitter,1184,157,227,2023-01-01 12:02:34,2023-01-31 17:46:31,266,623,0.19172297297297297
enso-org/enso,1184,21,291,2023-01-02 08:34:54,2023-01-31 21:58:00,170,86,0.24577702702702703
18F/identity-idp,1183,37,3,2023-01-01 17:37:20,2023-01-31 22:37:33,303,79,0.00253592561284869
saleor/saleor,1183,58,360,2023-01-02 04:11:57,2023-01-31 16:32:38,351,422,0.3043110735418428
mantidproject/mantid,1182,38,59,2023-01-02 05:59:05,2023-01-31 21:36:48,197,641,0.04991539763113367
ZcashFoundation/zebra,1181,13,623,2023-01-02 13:09:50,2023-01-31 23:04:04,257,610,0.5275190516511431
relaycc/relay,1181,13,144,2023-01-04 06:15:03,2023-01-31 23:56:15,298,458,0.12193056731583404
metasfresh/metasfresh,1178,17,74,2023-01-01 09:26:09,2023-01-31 19:30:16,364,85,0.06281833616298811
MTES-MCT/trackdechets,1176,11,520,2023-01-01 21:41:05,2023-01-31 19:54:03,184,513,0.4421768707482993
googleapis/google-cloud-node,1175,29,821,2023-01-01 20:50:31,2023-01-31 21:16:00,173,577,0.6987234042553192
lowRISC/opentitan,1175,56,0,2023-01-03 10:56:44,2023-01-31 23:55:27,362,653,0.0
iterative/vscode-dvc,1175,19,418,2023-01-02 15:28:42,2023-01-31 23:43:40,284,476,0.3557446808510638
hortonworks/cloudbreak,1174,42,89,2023-01-02 05:04:12,2023-01-31 22:27:37,379,173,0.075809199318569
dimilidi/jobportal,1172,6,177,2023-01-02 08:59:21,2023-01-31 22:35:01,425,179,0.15102389078498293
ibm-developer-skills-network/gkpbt-css-circle,1172,277,776,2023-01-01 04:46:52,2023-01-31 23:14:04,776,396,0.6621160409556314
iptv-org/database,1171,29,0,2023-01-01 00:52:42,2023-01-31 17:51:26,86,993,0.0
Budibase/budibase,1171,92,292,2023-01-02 02:13:16,2023-01-31 22:51:34,171,457,0.2493595217762596
bambulab/BambuStudio,1170,220,0,2023-01-01 00:13:50,2023-01-31 19:45:38,43,1113,0.0
obsproject/obs-studio,1169,243,0,2023-01-01 03:20:54,2023-01-31 23:54:34,166,946,0.0
GaloyMoney/galoy-mobile,1168,18,219,2023-01-01 12:48:22,2023-01-31 22:28:10,399,101,0.1875
hashicorp/dev-portal,1165,26,374,2023-01-03 17:05:54,2023-01-31 23:59:57,195,422,0.32103004291845494
hmcts/prl-ccd-definitions,1164,31,86,2023-01-01 19:20:02,2023-01-31 23:14:57,222,5,0.07388316151202749
w3c/csswg-drafts,1164,143,34,2023-01-01 21:58:10,2023-01-31 23:02:57,52,1018,0.029209621993127148
RobotLocomotion/drake,1164,39,24,2023-01-01 23:57:19,2023-01-31 23:26:13,324,672,0.020618556701030927
Kong/kong,1161,84,35,2023-01-02 02:06:17,2023-01-31 22:39:58,235,348,0.030146425495262703
Chia-Network/chia-blockchain,1160,69,108,2023-01-01 09:11:30,2023-01-31 23:56:58,282,537,0.09310344827586207
ParadiseSS13/Paradise,1160,73,84,2023-01-01 00:29:49,2023-01-31 23:51:49,419,478,0.07241379310344828
micronaut-projects/micronaut-core,1159,66,492,2023-01-01 03:53:12,2023-01-31 23:39:53,138,691,0.4245038826574633
openfoodfacts/smooth-app,1158,37,177,2023-01-01 05:30:53,2023-01-31 22:15:08,190,730,0.15284974093264247
ansible/ansible,1157,158,207,2023-01-01 15:57:16,2023-01-31 23:33:12,251,803,0.17891097666378566
martinvonz/jj,1156,22,79,2023-01-01 04:50:03,2023-01-31 21:34:03,321,404,0.06833910034602077
venomlinux/ports,1156,9,0,2023-01-01 04:38:24,2023-01-31 19:18:29,769,10,0.0
pyvista/pyvista,1155,41,123,2023-01-01 00:04:39,2023-01-31 23:35:07,180,522,0.10649350649350649
excalidraw/excalidraw,1153,110,404,2023-01-01 00:05:34,2023-01-31 22:52:19,97,403,0.35039028620988727
OhMyGuus/I-Still-Dont-Care-About-Cookies,1152,35,593,2023-01-01 00:14:49,2023-01-31 20:33:24,3,996,0.5147569444444444
abpframework/abp,1151,125,183,2023-01-01 08:13:26,2023-01-31 17:26:27,369,510,0.158992180712424
opencollective/opencollective-frontend,1151,14,641,2023-01-01 00:21:38,2023-01-31 23:51:05,185,129,0.5569070373588184
Codecademy/docs,1150,93,66,2023-01-01 07:19:20,2023-01-31 22:38:33,196,868,0.057391304347826085
DefiLlama/defillama-server,1150,28,95,2023-01-01 00:12:21,2023-01-31 17:13:31,574,28,0.08260869565217391
drshahizan/Python-big-data,1149,44,0,2023-01-01 01:34:28,2023-01-31 17:32:52,2,0,0.0
alphagov/gdx-data-share-poc,1149,7,198,2023-01-03 10:38:59,2023-01-31 21:42:32,469,93,0.17232375979112272
activepieces/activepieces,1147,14,134,2023-01-01 07:33:23,2023-01-31 23:55:12,328,353,0.11682650392327812
eclipse-openj9/openj9,1147,71,0,2023-01-02 01:04:48,2023-01-31 23:58:48,144,938,0.0
open-telemetry/opentelemetry-dotnet-instrumentation,1146,20,504,2023-01-02 11:25:50,2023-01-31 20:34:51,372,550,0.4397905759162304
valora-inc/wallet,1144,17,490,2023-01-02 16:31:04,2023-01-31 22:05:10,204,243,0.42832167832167833
firebase/firebase-android-sdk,1143,72,495,2023-01-01 14:11:46,2023-01-31 23:56:43,171,640,0.4330708661417323
meshery/meshery,1143,72,198,2023-01-01 04:10:54,2023-01-31 23:00:03,235,681,0.1732283464566929
netdata/netdata,1142,76,33,2023-01-01 00:18:27,2023-01-31 22:15:33,269,656,0.028896672504378284
tteck/Proxmox,1142,49,0,2023-01-01 00:01:25,2023-01-31 19:58:57,24,242,0.0
zitadel/zitadel,1140,44,346,2023-01-01 13:01:48,2023-01-31 20:31:35,143,522,0.30350877192982456
filecoin-project/bacalhau,1140,25,126,2023-01-01 00:55:05,2023-01-31 22:02:33,230,391,0.11052631578947368
jina-ai/jina,1140,30,399,2023-01-02 00:16:20,2023-01-31 17:04:49,189,478,0.35
apache/dolphinscheduler,1137,89,479,2023-01-01 00:22:39,2023-01-31 15:29:38,136,925,0.4212840809146878
ultralytics/yolov5,1137,341,413,2023-01-01 00:23:10,2023-01-31 22:14:12,71,1035,0.36323658751099386
ophub/amlogic-s9xxx-armbian,1136,112,0,2023-01-01 02:11:54,2023-01-31 15:08:36,15,1002,0.0
yt-dlp/yt-dlp,1136,273,4,2023-01-01 01:28:43,2023-01-31 22:40:13,106,984,0.0035211267605633804
VictoriaMetrics/VictoriaMetrics,1135,104,84,2023-01-01 08:33:10,2023-01-31 22:29:51,181,576,0.07400881057268723
filecoin-project/ref-fvm,1135,42,0,2023-01-01 09:18:33,2023-01-31 23:57:43,111,815,0.0
quarto-dev/quarto-cli,1133,139,1,2023-01-01 00:03:28,2023-01-31 23:39:25,90,752,0.00088261253309797
ag-grid/ag-grid,1131,93,0,2023-01-02 11:16:43,2023-01-31 23:26:29,203,308,0.0
liferay-search/liferay-portal,1130,18,0,2023-01-02 15:03:36,2023-01-31 23:04:42,80,971,0.0
kata-containers/kata-containers,1129,81,29,2023-01-02 09:13:24,2023-01-31 21:21:18,177,880,0.025686448184233834
apache/iceberg,1129,104,134,2023-01-01 00:13:29,2023-01-31 21:33:36,298,684,0.11868910540301152
primer/react,1129,49,293,2023-01-01 18:45:18,2023-01-31 22:56:23,182,353,0.2595217006200177
mapbox/mapbox-navigation-android,1128,31,376,2023-01-02 21:22:46,2023-01-31 18:26:53,272,319,0.3333333333333333
vtex/openapi-schemas,1128,14,167,2023-01-03 15:23:42,2023-01-31 23:56:22,111,178,0.14804964539007093
iterative/dvc,1128,77,124,2023-01-01 20:53:46,2023-01-31 20:40:04,204,728,0.1099290780141844
hwchase17/langchain,1127,139,0,2023-01-01 00:17:54,2023-01-31 23:12:45,445,327,0.0
CCIT-Team/NANOECO,1127,7,0,2023-01-01 23:48:04,2023-01-12 02:30:05,4,0,0.0
hashicorp/terraform,1125,236,151,2023-01-01 02:18:19,2023-01-31 22:38:12,151,713,0.13422222222222221
OpenNMS/opennms,1124,25,109,2023-01-02 13:20:30,2023-01-31 22:57:00,241,94,0.09697508896797152
OpenAPITools/openapi-generator,1123,277,33,2023-01-01 06:52:29,2023-01-31 23:59:50,247,697,0.029385574354407838
ShadowMario/FNF-PsychEngine,1121,216,0,2023-01-01 00:00:00,2023-01-31 23:56:47,30,1082,0.0
kubeflow/pipelines,1121,67,614,2023-01-02 22:11:17,2023-01-31 23:54:55,111,736,0.5477252453166815
artsy/eigen,1120,27,280,2023-01-03 10:58:29,2023-01-31 22:47:23,359,177,0.25
inventree/InvenTree,1119,51,67,2023-01-01 00:00:48,2023-01-31 23:59:56,124,576,0.05987488829311886
demarches-simplifiees/demarches-simplifiees.fr,1119,24,82,2023-01-02 08:55:23,2023-01-31 22:27:38,311,306,0.07327971403038427
Esri/calcite-components,1119,49,88,2023-01-01 00:11:46,2023-01-31 23:58:10,180,531,0.07864164432529044
chapel-lang/chapel,1119,32,0,2023-01-02 02:34:15,2023-01-31 23:37:16,279,715,0.0
facebook/jest,1118,186,350,2023-01-01 00:09:35,2023-01-31 22:23:09,207,840,0.31305903398926654
openvinotoolkit/training_extensions,1118,27,22,2023-01-02 00:37:05,2023-01-31 23:25:49,238,278,0.01967799642218247
GoogleCloudPlatform/python-docs-samples,1117,49,382,2023-01-02 14:06:15,2023-01-31 21:41:40,186,597,0.341987466427932
flix/flix,1117,14,16,2023-01-01 11:04:36,2023-01-31 19:26:41,271,698,0.01432408236347359
eclipse/sumo,1116,51,0,2023-01-01 04:58:44,2023-01-31 21:17:06,11,669,0.0
michael-maltsev/technion-histograms,1116,6,79,2023-01-01 08:06:36,2023-01-31 20:58:17,0,0,0.07078853046594982
localstack/localstack,1115,124,152,2023-01-01 04:50:01,2023-01-31 23:04:34,197,541,0.13632286995515694
charmverse/app.charmverse.io,1114,9,5,2023-01-02 10:52:18,2023-01-31 22:25:36,378,43,0.004488330341113106
codestates-seb/seb41_main_022,1114,7,217,2023-01-04 14:13:05,2023-01-31 16:40:30,472,304,0.1947935368043088
NHN-YesAladin/yesaladin_shop,1114,8,0,2023-01-03 01:49:26,2023-01-31 15:46:53,414,257,0.0
redpanda-data/documentation,1113,41,65,2023-01-03 09:55:46,2023-01-31 20:27:18,125,520,0.05840071877807727
damus-io/damus,1112,78,73,2023-01-01 00:50:20,2023-01-31 23:53:52,323,615,0.06564748201438848
AliceO2Group/AliceO2,1111,47,387,2023-01-01 00:02:25,2023-01-31 17:48:13,265,353,0.3483348334833483
612901/661111,1110,6,10,2023-01-01 02:13:53,2023-01-30 12:10:52,6,10,0.009009009009009009
User083/StaffsColab23,1109,7,0,2023-01-03 12:03:27,2023-01-31 19:40:55,20,0,0.0
weseek/growi,1109,19,332,2023-01-01 11:46:28,2023-01-31 21:52:32,251,332,0.2993688007213706
BuilderIO/qwik,1108,103,200,2023-01-01 08:06:44,2023-01-31 23:49:31,254,643,0.18050541516245489
vitejs/vite,1107,310,75,2023-01-01 03:17:46,2023-01-31 22:57:46,206,783,0.06775067750677506
eclipse-che/che-operator,1106,14,99,2023-01-01 01:46:33,2023-01-31 23:12:33,36,1035,0.08951175406871609
OpenIndiana/oi-userland,1106,11,0,2023-01-01 07:04:29,2023-01-31 22:43:15,720,29,0.0
vchumack/petsSupport_front,1105,11,296,2023-01-01 19:50:33,2023-01-27 19:06:17,257,408,0.2678733031674208
microsoft/vscode-jupyter,1105,135,8,2023-01-02 18:13:26,2023-01-31 23:34:05,175,767,0.007239819004524887
percona/pmm,1104,35,437,2023-01-01 07:38:32,2023-01-31 17:00:08,188,182,0.3958333333333333
GataNina-Li/GataBot-MD,1103,7,0,2023-01-01 20:39:20,2023-01-31 23:54:22,1,2,0.0
StaticJsCMS/static-cms,1103,22,461,2023-01-02 13:31:27,2023-01-31 21:52:12,277,448,0.41795104261106075
AliMD/alwatr,1102,7,312,2023-01-01 08:16:55,2023-01-31 19:17:06,262,195,0.2831215970961887
pixiebrix/pixiebrix-extension,1101,15,265,2023-01-01 02:58:10,2023-01-31 23:42:05,254,472,0.24069028156221617
hpi-swt2/bookkeeper-portal-red,1101,43,5,2023-01-01 22:15:57,2023-01-31 23:41:57,190,372,0.004541326067211626
plone/volto,1100,58,232,2023-01-01 00:02:05,2023-01-31 22:42:17,179,594,0.2109090909090909
symfony/symfony-docs,1100,68,9,2023-01-01 12:26:53,2023-01-31 20:53:47,294,405,0.008181818181818182
neo4j/graphql,1099,34,536,2023-01-01 01:35:38,2023-01-31 17:58:46,232,456,0.48771610555050043
ScoopInstaller/Extras,1099,155,431,2023-01-01 00:33:47,2023-01-31 23:11:33,146,698,0.3921747042766151
anoma/namada,1098,23,29,2023-01-01 20:04:36,2023-01-31 18:56:55,152,498,0.026411657559198543
codinasion/hello-world,1096,21,52,2023-01-21 20:59:41,2023-01-31 17:45:15,48,1026,0.04744525547445255
kairos-io/kairos,1096,22,301,2023-01-01 20:05:18,2023-01-31 22:50:14,184,468,0.27463503649635035
aws-amplify/amplify-cli,1096,172,2,2023-01-01 02:48:38,2023-01-31 23:41:00,166,673,0.0018248175182481751
Localitos/pluto,1095,9,874,2023-01-03 15:58:13,2023-01-30 20:44:23,238,226,0.7981735159817351
meilisearch/meilisearch,1095,44,418,2023-01-01 00:06:47,2023-01-31 19:24:56,125,577,0.3817351598173516
apache/iotdb,1094,57,158,2023-01-01 00:05:25,2023-01-31 16:53:35,468,226,0.14442413162705667
paperless-ngx/paperless-ngx,1094,127,75,2023-01-01 00:11:53,2023-01-31 23:09:41,161,607,0.06855575868372943
louislam/uptime-kuma,1093,292,62,2023-01-01 05:57:10,2023-01-31 22:57:17,120,882,0.056724611161939616
codestates-seb/seb41_main_021,1092,7,91,2023-01-04 15:41:32,2023-01-31 11:04:55,483,174,0.08333333333333333
aws/karpenter,1092,121,248,2023-01-01 00:59:05,2023-01-31 22:53:58,264,671,0.2271062271062271
saltstack/salt,1092,135,50,2023-01-01 13:21:35,2023-01-31 23:13:38,217,455,0.045787545787545784
liferay-forms/liferay-portal,1092,30,0,2023-01-02 10:50:07,2023-01-31 22:16:29,69,942,0.0
umbraco/Umbraco-CMS,1092,97,82,2023-01-02 00:25:50,2023-01-31 18:54:38,144,713,0.07509157509157509
ecency/ecency-mobile,1091,5,2,2023-01-01 22:09:12,2023-01-31 03:03:05,88,9,0.0018331805682859762
hmcts/sptribs-case-api,1091,16,415,2023-01-03 10:03:57,2023-01-31 19:02:57,265,12,0.38038496791934007
lnbits/lnbits,1090,33,0,2023-01-01 13:50:28,2023-01-31 23:24:10,281,301,0.0
Gosrock/DuDoong-Backend,1090,7,201,2023-01-01 02:48:26,2023-01-31 19:39:26,244,422,0.18440366972477065
hpcaitech/ColossalAI,1090,70,107,2023-01-01 16:45:08,2023-01-31 10:40:24,393,483,0.0981651376146789
KratosMultiphysics/Kratos,1089,47,1,2023-01-01 00:33:33,2023-01-31 20:41:46,150,326,0.0009182736455463728
anuraghazra/github-readme-stats,1088,380,85,2023-01-02 07:15:51,2023-01-31 22:56:36,117,897,0.078125
stellar-expert/public-directory,1088,9,0,2023-01-01 13:15:28,2023-01-31 19:28:52,0,207,0.0
Shopify/polaris,1088,76,151,2023-01-02 03:04:53,2023-01-31 23:51:48,173,495,0.13878676470588236
jellyfin/jellyfin,1088,307,154,2023-01-01 00:06:26,2023-01-31 23:23:23,162,846,0.14154411764705882
ludwig-ai/ludwig,1086,23,197,2023-01-01 00:35:31,2023-01-31 23:57:49,228,188,0.18139963167587478
github/codeql,1085,102,98,2023-01-01 14:39:15,2023-01-31 21:02:53,387,406,0.09032258064516129
codestates-seb/seb41_main_027,1085,6,0,2023-01-03 12:33:10,2023-01-31 06:30:34,430,88,0.0
29ki/29k,1085,11,403,2023-01-02 13:19:34,2023-01-31 22:07:37,476,36,0.37142857142857144
rapidsai/cugraph,1085,31,657,2023-01-01 22:05:58,2023-01-31 22:43:17,123,372,0.6055299539170507
BeeStation/BeeStation-Hornet,1083,69,274,2023-01-01 00:06:05,2023-01-31 23:53:39,240,584,0.2530009233610342
Superalgos/Governance-Plugins,1082,37,0,2023-01-01 07:38:02,2023-01-31 19:36:00,546,268,0.0
laurent22/joplin,1082,202,215,2023-01-01 00:46:08,2023-01-31 23:51:49,119,813,0.1987060998151571
aws/sagemaker-python-sdk,1082,68,852,2023-01-01 08:44:40,2023-01-31 23:24:18,71,982,0.7874306839186691
VKCOM/VKUI,1079,21,523,2023-01-02 05:03:31,2023-01-31 17:37:33,216,504,0.484708063021316
GoogleCloudPlatform/spring-cloud-gcp,1078,33,466,2023-01-02 04:04:43,2023-01-31 22:54:35,271,465,0.4322820037105751
FFarmFFarm/FarmFarm,1078,7,0,2023-01-01 04:04:36,2023-01-30 02:13:40,329,0,0.0
help-me-mom/ng-mocks,1078,9,494,2023-01-02 12:31:00,2023-01-31 12:44:34,397,367,0.4582560296846011
BattletechModders/RogueTech,1076,18,0,2023-01-01 02:44:36,2023-01-31 22:51:34,567,10,0.0
friendica/friendica,1075,69,0,2023-01-01 02:47:36,2023-01-31 22:24:25,164,828,0.0
evcc-io/evcc,1075,99,7,2023-01-01 07:05:52,2023-01-31 22:38:41,148,675,0.0065116279069767444
foxglove/studio,1075,34,290,2023-01-01 01:19:14,2023-01-31 23:17:18,375,231,0.26976744186046514
freeCodeCamp/chapter,1074,16,660,2023-01-01 03:20:10,2023-01-31 23:43:11,261,314,0.6145251396648045
swisspost/design-system,1074,11,641,2023-01-03 09:37:37,2023-01-31 21:45:29,165,570,0.5968342644320298
streamlit/streamlit,1073,161,13,2023-01-02 00:35:37,2023-01-31 23:57:55,170,373,0.012115563839701771
apache/netbeans,1073,99,0,2023-01-01 00:53:58,2023-01-31 21:37:20,253,728,0.0
TSvM777/Ratatouille,1072,5,0,2023-01-09 15:45:21,2023-01-20 11:49:42,500,0,0.0
sktime/sktime,1072,61,10,2023-01-01 04:06:33,2023-01-31 23:56:33,180,584,0.009328358208955223
iTwin/itwinjs-core,1071,55,21,2023-01-01 05:01:42,2023-01-31 22:32:57,222,277,0.0196078431372549
Anuken/Mindustry,1070,134,9,2023-01-01 13:02:38,2023-01-31 23:01:00,151,789,0.008411214953271028
wowsims/wotlk,1068,74,200,2023-01-01 03:19:10,2023-01-31 22:53:29,383,189,0.18726591760299627
Supreme-Shoekream/Shoekream,1068,7,0,2023-01-01 00:43:29,2023-01-31 18:11:07,472,49,0.0
hashicorp/terraform-provider-google,1068,202,202,2023-01-01 02:19:08,2023-01-31 23:36:32,228,716,0.1891385767790262
mage-ai/mage-ai,1068,21,1,2023-01-01 00:44:41,2023-01-31 23:56:21,418,93,0.0009363295880149813
kiegroup/drools,1064,22,144,2023-01-02 19:01:37,2023-01-31 21:28:16,118,846,0.13533834586466165
jbx-protocol/juice-interface,1063,10,103,2023-01-01 00:33:00,2023-01-31 23:49:32,207,464,0.09689557855126998
ForumMagnum/ForumMagnum,1063,17,37,2023-01-02 08:35:02,2023-01-31 23:55:38,380,152,0.034807149576669805
yldio/asap-hub,1063,13,301,2023-01-02 10:11:19,2023-01-31 18:09:56,273,138,0.2831608654750706
hpi-swt2/bookkeeper-portal-blue,1063,41,0,2023-01-02 10:35:45,2023-01-31 22:53:04,187,330,0.0
stolostron/console,1062,23,789,2023-01-03 14:52:08,2023-01-31 21:33:23,178,664,0.7429378531073446
rust-lang/rust-clippy,1062,134,57,2023-01-01 07:44:58,2023-01-31 22:34:21,121,800,0.05367231638418079
g0v/amis-moedict,1061,5,516,2023-01-01 08:56:51,2023-01-31 13:34:55,5,1,0.48633364750235625
dotansimha/graphql-yoga,1061,30,751,2023-01-01 13:01:47,2023-01-31 23:44:14,170,406,0.7078228086710651
transcom/mymove,1061,36,263,2023-01-02 11:02:05,2023-01-31 23:56:51,284,214,0.2478793590951932
TAIsRich/chuwa0116,1061,39,0,2023-01-17 03:22:23,2023-01-31 18:57:06,482,123,0.0
wordpress-mobile/WordPress-Android,1060,39,363,2023-01-02 09:30:06,2023-01-31 23:57:12,173,615,0.3424528301886792
dolthub/dolt,1060,33,97,2023-01-01 02:35:33,2023-01-31 23:55:47,280,313,0.09150943396226414
appium/appium,1060,87,426,2023-01-01 07:05:47,2023-01-31 23:01:42,157,434,0.4018867924528302
Azure/azure-sdk-for-go,1059,85,153,2023-01-01 01:06:59,2023-01-31 23:52:46,232,520,0.14447592067988668
codestates-seb/seb41_main_015,1058,7,0,2023-01-03 14:42:13,2023-01-31 07:37:40,464,141,0.0
grafana/oncall,1057,63,11,2023-01-02 11:21:52,2023-01-31 21:51:26,279,254,0.010406811731315043
cockpit-project/cockpit,1057,61,23,2023-01-01 04:07:29,2023-01-31 22:52:40,232,699,0.021759697256385997
foundry-rs/foundry,1056,161,0,2023-01-01 10:21:43,2023-01-31 22:03:23,199,714,0.0
ETCGrantsDAO/etc-grants-dao-website,1054,8,156,2023-01-10 23:55:38,2023-01-31 23:08:52,319,587,0.14800759013282733
deepset-ai/haystack,1053,59,1,2023-01-01 01:43:08,2023-01-31 22:55:53,208,497,0.000949667616334283
organicmaps/organicmaps,1051,106,0,2023-01-01 00:18:49,2023-01-31 23:42:24,129,733,0.0
dartsim/dart,1051,8,116,2023-01-01 00:08:42,2023-01-31 22:05:16,81,43,0.11037107516650808
faker-js/faker,1051,33,153,2023-01-01 01:04:57,2023-01-31 19:33:48,155,501,0.1455756422454805
pokeclicker/pokeclicker,1051,87,2,2023-01-01 01:33:34,2023-01-31 18:42:26,219,689,0.0019029495718363464
projectdiscovery/nuclei-templates,1051,65,232,2023-01-01 04:02:32,2023-01-31 22:35:53,363,164,0.22074215033301617
craftcms/cms,1050,69,5,2023-01-01 01:59:01,2023-01-31 23:46:25,76,309,0.004761904761904762
sct/overseerr,1050,80,605,2023-01-01 02:54:58,2023-01-31 20:47:46,113,316,0.5761904761904761
keymanapp/keyman,1049,23,96,2023-01-01 00:03:43,2023-01-31 22:42:47,211,539,0.09151572926596759
curl/curl,1049,119,0,2023-01-01 07:41:36,2023-01-31 22:55:56,209,669,0.0
alist-org/alist,1048,197,427,2023-01-01 00:02:39,2023-01-31 21:12:21,84,886,0.4074427480916031
iotaledger/firefly,1048,28,143,2023-01-01 18:06:46,2023-01-31 23:54:12,180,244,0.1364503816793893
iFixit/react-commerce,1048,30,162,2023-01-02 17:44:36,2023-01-31 22:11:56,159,565,0.15458015267175573
lumapu/ahoy,1045,97,0,2023-01-01 07:48:03,2023-01-31 22:23:53,42,966,0.0
PixelExperience/android-issues,1045,178,469,2023-01-01 07:05:53,2023-01-31 18:32:24,0,1045,0.44880382775119615
mad-ang/momstown-client,1044,5,0,2023-01-02 12:38:25,2023-01-29 07:33:27,426,5,0.0
autowarefoundation/autoware.universe,1043,73,259,2023-01-01 00:08:18,2023-01-31 23:43:24,294,481,0.2483221476510067
Crown-Commercial-Service/ccs-scale-cat-buyer-ui,1043,13,3,2023-01-02 05:39:44,2023-01-31 12:54:34,541,0,0.0028763183125599234
department-of-veterans-affairs/abd-vro,1043,23,25,2023-01-01 14:59:35,2023-01-31 23:56:21,219,206,0.023969319271332695
attribsolutions/Manthan,1043,5,0,2023-01-02 04:30:39,2023-01-31 12:48:53,344,0,0.0
Carlosmedina06/BookYou,1042,10,65,2023-01-16 06:02:47,2023-01-31 23:15:56,350,74,0.06238003838771593
belgattitude/nextjs-monorepo-example,1042,7,750,2023-01-01 14:55:19,2023-01-31 18:23:01,305,569,0.7197696737044146
dfinity/nns-dapp,1042,11,2,2023-01-02 12:36:07,2023-01-31 17:50:53,219,86,0.0019193857965451055
near/nearcore,1041,50,281,2023-01-02 09:11:57,2023-01-31 22:47:37,281,325,0.26993275696445723
pytorch/xla,1040,39,0,2023-01-01 06:55:48,2023-01-31 23:53:50,208,387,0.0
AudiusProject/audius-protocol,1040,21,41,2023-01-02 11:01:56,2023-01-31 23:47:27,284,87,0.03942307692307692
hrydgard/ppsspp,1039,96,0,2023-01-01 05:58:22,2023-01-31 23:05:59,256,579,0.0
pnp/cli-microsoft365,1039,22,18,2023-01-01 04:45:12,2023-01-31 23:36:06,129,869,0.017324350336862367
kyma-project/busola,1036,14,761,2023-01-01 13:53:46,2023-01-31 21:36:00,105,890,0.7345559845559846
getsentry/sentry-docs,1036,90,220,2023-01-02 08:22:32,2023-01-31 22:02:21,298,351,0.21235521235521235
Azure/communication-ui-library,1035,26,513,2023-01-02 08:17:58,2023-01-31 22:32:04,108,583,0.4956521739130435
isomerpages/nlb-ba,1035,6,0,2023-01-02 06:41:44,2023-01-31 10:42:17,38,0,0.0
2dust/v2rayN,1035,254,0,2023-01-01 11:42:31,2023-01-31 20:03:36,19,962,0.0
unicode-org/icu4x,1035,28,496,2023-01-01 00:09:16,2023-01-31 21:32:10,127,415,0.4792270531400966
rderekp/The-Grand-Combo,1035,5,0,2023-01-01 18:33:21,2023-01-31 17:46:14,84,23,0.0
nextcloud/all-in-one,1034,50,82,2023-01-01 12:50:23,2023-01-31 20:11:26,198,419,0.07930367504835589
folke/lazy.nvim,1034,132,146,2023-01-01 08:41:47,2023-01-31 20:35:06,69,737,0.14119922630560927
ministryofjustice/laa-apply-for-legal-aid,1032,8,467,2023-01-02 03:02:02,2023-01-31 16:22:40,321,393,0.45251937984496127
hedgedoc/hedgedoc,1032,20,693,2023-01-01 15:04:48,2023-01-31 20:49:52,247,169,0.6715116279069767
RasaHQ/rasa,1031,39,255,2023-01-02 12:03:30,2023-01-31 17:46:17,118,634,0.24733268671193018
nasa/openmct,1031,20,133,2023-01-02 20:01:12,2023-01-31 23:46:03,125,420,0.12900096993210475
terraware/terraware-web,1030,10,291,2023-01-03 12:56:32,2023-01-31 23:47:24,274,301,0.28252427184466017
newjersey/navigator.business.nj.gov,1030,10,302,2023-01-01 06:57:34,2023-01-31 23:22:51,425,3,0.29320388349514565
binary-com/deriv-com,1029,24,759,2023-01-01 06:36:23,2023-01-31 16:36:29,207,753,0.7376093294460642
nlogozzo/NickvisionMoney,1029,31,0,2023-01-01 00:25:29,2023-01-31 12:58:39,135,304,0.0
SonarSource/sonar-dotnet,1028,23,468,2023-01-02 09:11:39,2023-01-31 18:53:08,123,597,0.45525291828793774
Automattic/woocommerce-payments,1027,91,168,2023-01-01 22:27:41,2023-01-31 22:49:09,140,467,0.16358325219084713
ValveSoftware/Proton,1025,406,2,2023-01-01 01:12:14,2023-01-31 23:37:21,7,1013,0.001951219512195122
istio/istio.io,1024,30,20,2023-01-01 02:53:36,2023-01-31 23:48:15,251,650,0.01953125
juspay/hyperswitch,1024,26,0,2023-01-10 11:23:18,2023-01-31 19:47:17,255,74,0.0
endoflife-date/endoflife.date,1024,30,131,2023-01-01 01:52:28,2023-01-31 21:21:24,264,499,0.1279296875
JoeBidenWhatAreYouHiding/kx,1024,19,0,2023-01-01 00:13:41,2023-01-31 23:54:41,0,5,0.0
Koenkk/zigbee-herdsman-converters,1022,180,65,2023-01-01 01:17:15,2023-01-31 20:33:01,307,497,0.06360078277886497
cds-snc/platform-forms-client,1022,12,440,2023-01-03 03:20:17,2023-01-31 21:50:38,133,181,0.43052837573385516
web-platform-tests/wpt-metadata,1021,10,726,2023-01-02 09:38:23,2023-01-31 22:03:23,593,21,0.7110675808031341
gc-proto/cra-arc,1021,9,0,2023-01-03 16:30:46,2023-01-31 22:59:16,2,0,0.0
google/oss-fuzz,1021,77,15,2023-01-02 09:07:28,2023-01-31 23:47:33,379,407,0.014691478942213516
TykTechnologies/tyk-docs,1021,26,264,2023-01-02 14:51:34,2023-01-31 17:33:48,236,302,0.25857002938295787
opencrvs/opencrvs-core,1020,27,160,2023-01-02 08:30:58,2023-01-31 13:54:57,126,400,0.1568627450980392
uiowa/uiowa,1020,15,24,2023-01-01 20:22:30,2023-01-31 23:30:39,87,493,0.023529411764705882
vim/vim,1019,135,64,2023-01-01 00:41:58,2023-01-31 21:13:46,154,725,0.06280667320902845
Azure/AgentBaker,1018,33,6,2023-01-02 12:12:30,2023-01-31 23:26:07,314,47,0.005893909626719057
layer5io/layer5,1016,76,94,2023-01-01 13:12:24,2023-01-31 23:29:32,125,719,0.09251968503937008
Cray-HPE/docs-csm,1016,40,89,2023-01-01 03:12:32,2023-01-31 22:58:07,345,118,0.08759842519685039
apache/incubator-seatunnel,1016,72,139,2023-01-01 00:25:57,2023-01-31 15:32:51,246,679,0.13681102362204725
googleapis/google-cloud-go,1016,65,600,2023-01-02 01:44:44,2023-01-31 23:41:18,171,384,0.5905511811023622
aliriodi/3DSeller,1015,7,210,2023-01-05 19:47:10,2023-01-27 23:14:11,439,213,0.20689655172413793
remotion-dev/remotion,1015,43,101,2023-01-01 18:13:08,2023-01-31 19:48:32,165,373,0.09950738916256158
golang/vulndb,1014,14,528,2023-01-03 20:25:12,2023-01-31 21:39:23,5,947,0.5207100591715976
echo-webkom/echo-web,1014,11,559,2023-01-01 21:16:56,2023-01-31 21:44:00,236,401,0.5512820512820513
prisma/docs,1013,48,229,2023-01-03 08:48:22,2023-01-31 20:41:13,216,357,0.22606120434353405
actualbudget/actual,1013,34,103,2023-01-01 01:01:36,2023-01-31 22:59:01,174,692,0.1016781836130306
onlydustxyz/marketplace,1012,8,263,2023-01-02 09:40:46,2023-01-31 23:10:07,255,273,0.2598814229249012
navikt/pensjon-etterlatte-saksbehandling,1012,15,25,2023-01-02 09:07:12,2023-01-31 22:46:09,349,57,0.024703557312252964
massalabs/massa,1011,28,252,2023-01-01 10:06:37,2023-01-31 19:28:44,95,409,0.24925816023738873
hzi-braunschweig/SORMAS-Project,1011,25,94,2023-01-02 10:17:54,2023-01-31 15:59:30,179,331,0.09297725024727992
dotnet/dotnet-monitor,1010,9,565,2023-01-01 13:31:34,2023-01-31 23:08:02,506,182,0.5594059405940595
ada-url/ada,1010,5,81,2023-01-01 20:34:53,2023-01-31 23:37:11,221,308,0.0801980198019802
codigoencasa/bot-whatsapp,1010,23,224,2023-01-01 12:58:56,2023-01-31 21:03:32,442,98,0.22178217821782178
NHSDigital/electronic-prescription-service-api,1010,14,421,2023-01-02 20:16:23,2023-01-31 23:18:34,234,276,0.4168316831683168
armbian/build,1009,52,153,2023-01-01 01:41:13,2023-01-31 23:24:38,251,389,0.15163528245787908
googleapis/google-cloud-ruby,1006,18,529,2023-01-02 08:54:21,2023-01-31 12:15:01,350,322,0.525844930417495
china1206m/ReAp,1005,6,0,2023-01-01 00:51:51,2023-01-31 20:37:37,0,0,0.0
open-condo-software/condo,1005,17,419,2023-01-02 15:24:16,2023-01-31 21:11:05,150,145,0.41691542288557215
SAP/ui5-webcomponents-react,1003,28,541,2023-01-02 00:10:57,2023-01-31 17:25:36,199,370,0.53938185443669
godotengine/godot-proposals,1002,270,8,2023-01-01 08:20:20,2023-01-31 23:37:42,0,1002,0.007984031936127744
Meeds-io/gatein-portal,1002,9,52,2023-01-01 03:12:24,2023-01-31 19:04:58,54,58,0.05189620758483034
PyCQA/pylint,1002,96,238,2023-01-01 00:23:59,2023-01-31 23:17:47,149,782,0.2375249500998004
ovh/docs,1001,29,16,2023-01-02 08:31:18,2023-01-31 18:00:14,329,70,0.015984015984015984
ethereum/EIPs,1001,109,545,2023-01-01 00:19:54,2023-01-31 23:45:14,298,563,0.5444555444555444
influxdata/telegraf,1000,133,180,2023-01-02 23:01:25,2023-01-31 23:34:19,138,779,0.18
moby/moby,1000,175,0,2023-01-01 00:09:51,2023-01-31 21:37:24,234,665,0.0
Tencent/tdesign-miniprogram,1000,41,291,2023-01-01 01:40:00,2023-01-31 16:34:34,192,648,0.291
astronomer/docs,1000,32,87,2023-01-02 09:41:16,2023-01-31 22:19:29,204,268,0.087
